	control	case
k__Bacteria|p__Firmicutes|c__Bacilli|o__Lactobacillales|f__Aerococcaceae|g__Granulicatella|s__Granulicatella_adiacens	-0.251321926126	0.251321926126
k__Bacteria|p__Actinobacteriota|c__Actinomycetia|o__Actinomycetales|f__Bifidobacteriaceae|g__Scardovia|s__Scardovia_wiggsiae		
k__Bacteria|p__Firmicutes_A|c__Clostridia|o__Oscillospirales|f__Ruminococcaceae|g__Ruminococcus_D|s__Ruminococcus_D_albus_D	-0.199935173175	0.199935173175
k__Bacteria|p__Firmicutes|c__Bacilli|o__Lactobacillales|f__Lactobacillaceae|g__Lactobacillus|s__Lactobacillus_delbrueckii_B	0.363527111635	-0.363527111635
k__Bacteria|p__Firmicutes|c__Bacilli|o__Lactobacillales|f__Streptococcaceae|g__Streptococcus|s__Streptococcus_sp001556435	0.200464250013	-0.200464250013
k__Bacteria|p__Actinobacteriota|c__Coriobacteriia|o__Coriobacteriales|f__Coriobacteriaceae|g__Collinsella|s__Collinsella_stercoris		
k__Bacteria|p__Bacteroidota|c__Bacteroidia|o__Bacteroidales|f__Bacteroidaceae|g__Bacteroides|s__Bacteroides_salyersiae	-0.0830066974435	0.0830066974435
k__Archaea|p__Methanobacteriota|c__Methanobacteria|o__Methanobacteriales|f__Methanobacteriaceae|g__Methanosphaera|s__Methanosphaera_stadtmanae	0.396177750644	-0.396177750644
k__Bacteria|p__Firmicutes_A|c__Clostridia|o__Lachnospirales|f__Lachnospiraceae|g__Anaerostipes|s__Anaerostipes_hadrus	-0.484197109758	0.484197109758
k__Bacteria|p__Bacteroidota|c__Bacteroidia|o__Bacteroidales|f__Bacteroidaceae|g__Bacteroides|s__Bacteroides_eggerthii	-0.064779550974	0.064779550974
k__Bacteria|p__Actinobacteriota|c__Coriobacteriia|o__Coriobacteriales|f__Eggerthellaceae|g__Adlercreutzia|s__Adlercreutzia_equolifaciens	-0.421312958732	0.421312958732
k__Bacteria|p__Bacteroidota|c__Bacteroidia|o__Bacteroidales|f__Tannerellaceae|g__Parabacteroides|s__Parabacteroides_johnsonii	0.436627160113	-0.436627160113
k__Bacteria|p__Firmicutes|c__Bacilli|o__Lactobacillales|f__Lactobacillaceae|g__Pediococcus|s__Pediococcus_acidilactici		
k__Bacteria|p__Actinobacteriota|c__Actinomycetia|o__Actinomycetales|f__Bifidobacteriaceae|g__Alloscardovia|s__Alloscardovia_omnicolens		
k__Bacteria|p__Firmicutes_A|c__Clostridia|o__Lachnospirales|f__Lachnospiraceae|g__Roseburia|s__Roseburia_sp900552665	0.430818166535	-0.430818166535
k__Bacteria|p__Actinobacteriota|c__Coriobacteriia|o__Coriobacteriales|f__Eggerthellaceae|g__Slackia_A|s__Slackia_A_piriformis		
k__Bacteria|p__Firmicutes_A|c__Clostridia|o__Lachnospirales|f__Lachnospiraceae|g__Enterocloster|s__Enterocloster_asparagiformis	0.014654192815	-0.014654192815
k__Bacteria|p__Actinobacteriota|c__Actinomycetia|o__Actinomycetales|f__Actinomycetaceae|g__Actinomyces|s__Actinomyces_graevenitzii	0.0204463164733	-0.0204463164733
k__Bacteria|p__Firmicutes_A|c__Clostridia|o__Peptostreptococcales|f__Peptostreptococcaceae|g__Intestinibacter|s__Intestinibacter_bartlettii	-0.362007949373	0.362007949373
k__Bacteria|p__Firmicutes|c__Bacilli|o__Lactobacillales|f__Streptococcaceae|g__Streptococcus|s__Streptococcus_sp000220065	-0.0251810308514	0.0251810308514
k__Bacteria|p__Bacteroidota|c__Bacteroidia|o__Bacteroidales|f__Bacteroidaceae|g__Bacteroides|s__Bacteroides_fluxus	-0.309309969159	0.309309969159
k__Bacteria|p__Actinobacteriota|c__Coriobacteriia|o__Coriobacteriales|f__Eggerthellaceae|g__Gordonibacter|s__Gordonibacter_pamelaeae	0.2784362372	-0.2784362372
k__Bacteria|p__Firmicutes|c__Bacilli|o__Erysipelotrichales|f__Erysipelotrichaceae|g__Longicatena|s__Longicatena_dolichum	0.41076915783	-0.41076915783
k__Bacteria|p__Firmicutes|c__Bacilli|o__Bacillales|f__Planococcaceae|g__Lysinibacillus|s__Lysinibacillus_fusiformis_D		
k__Bacteria|p__Firmicutes_A|c__Clostridia|o__Lachnospirales|f__Lachnospiraceae|g__Enterocloster|s__Enterocloster_sp000155435	-0.440106536277	0.440106536277
k__Bacteria|p__Firmicutes_A|c__Clostridia|o__Lachnospirales|f__Lachnospiraceae|g__Blautia_A|s__Blautia_A_wexlerae	-0.380914609678	0.380914609678
k__Bacteria|p__Firmicutes|c__Bacilli|o__Lactobacillales|f__Enterococcaceae|g__Enterococcus_D|s__Enterococcus_D_sp002850555		
k__Bacteria|p__Actinobacteriota|c__Actinomycetia|o__Actinomycetales|f__Bifidobacteriaceae|g__Bifidobacterium|s__Bifidobacterium_pseudocatenulatum	0.340170259353	-0.340170259353
k__Bacteria|p__Actinobacteriota|c__Actinomycetia|o__Actinomycetales|f__Bifidobacteriaceae|g__Bifidobacterium|s__Bifidobacterium_dentium	-0.320059624701	0.320059624701
k__Bacteria|p__Actinobacteriota|c__Coriobacteriia|o__Coriobacteriales|f__Eggerthellaceae|g__Adlercreutzia|s__Adlercreutzia_caecimuris	0.234520787991	-0.234520787991
k__Bacteria|p__Firmicutes|c__Bacilli|o__Lactobacillales|f__Streptococcaceae|g__Streptococcus|s__Streptococcus_thermophilus	-0.126800138319	0.126800138319
k__Bacteria|p__Firmicutes|c__Bacilli|o__Lactobacillales|f__Lactobacillaceae|g__Limosilactobacillus|s__Limosilactobacillus_mucosae		
k__Bacteria|p__Firmicutes_A|c__Clostridia|o__Lachnospirales|f__Lachnospiraceae|g__Ruminococcus_B|s__Ruminococcus_B_gnavus	-0.369585358509	0.369585358509
k__Bacteria|p__Firmicutes_A|c__Clostridia|o__Oscillospirales|f__Oscillospiraceae|g__Pseudoflavonifractor|s__Pseudoflavonifractor_capillosus	0.193057092824	-0.193057092824
k__Bacteria|p__Proteobacteria|c__Gammaproteobacteria|o__Pseudomonadales|f__Pseudomonadaceae|g__Pseudomonas|s__Pseudomonas_aeruginosa_A		
k__Bacteria|p__Actinobacteriota|c__Actinomycetia|o__Mycobacteriales|f__Mycobacteriaceae|g__Corynebacterium|s__Corynebacterium_casei		
k__Bacteria|p__Firmicutes|c__Bacilli|o__Lactobacillales|f__Lactobacillaceae|g__Lactobacillus|s__Lactobacillus_paragasseri	-0.213200716356	0.213200716356
k__Bacteria|p__Firmicutes_A|c__Clostridia|o__Lachnospirales|f__Lachnospiraceae|g__Clostridium_Q|s__Clostridium_Q_symbiosum	0.269107642009	-0.269107642009
k__Bacteria|p__Bacteroidota|c__Bacteroidia|o__Bacteroidales|f__Rikenellaceae|g__Alistipes_A|s__Alistipes_A_indistinctus	0.234141318688	-0.234141318688
k__Bacteria|p__Firmicutes_A|c__Clostridia|o__Lachnospirales|f__Lachnospiraceae|g__Enterocloster|s__Enterocloster_aldenensis	-0.0726915639333	0.0726915639333
k__Bacteria|p__Actinobacteriota|c__Actinomycetia|o__Actinomycetales|f__Bifidobacteriaceae|g__Bifidobacterium|s__Bifidobacterium_angulatum	0.27714009514	-0.27714009514
k__Bacteria|p__Bacteroidota|c__Bacteroidia|o__Bacteroidales|f__Bacteroidaceae|g__Paraprevotella|s__Paraprevotella_clara	-0.302247602118	0.302247602118
k__Archaea|p__Methanobacteriota|c__Methanobacteria|o__Methanobacteriales|f__Methanobacteriaceae|g__Methanobrevibacter_A|s__Methanobrevibacter_A_smithii_A	0.416505091685	-0.416505091685
k__Bacteria|p__Proteobacteria|c__Gammaproteobacteria|o__Enterobacterales|f__Pasteurellaceae|g__Haemophilus_A|s__Haemophilus_A_sputorum		
k__Bacteria|p__Bacteroidota|c__Bacteroidia|o__Bacteroidales|f__Bacteroidaceae|g__Bacteroides|s__Bacteroides_stercoris		
k__Bacteria|p__Bacteroidota|c__Bacteroidia|o__Bacteroidales|f__Coprobacteraceae|g__Coprobacter|s__Coprobacter_fastidiosus	-0.410362857593	0.410362857593
k__Bacteria|p__Firmicutes_A|c__Clostridia|o__Lachnospirales|f__Lachnospiraceae|g__Enterocloster|s__Enterocloster_citroniae	-0.00681116568494	0.00681116568494
k__Bacteria|p__Actinobacteriota|c__Actinomycetia|o__Actinomycetales|f__Bifidobacteriaceae|g__Bifidobacterium|s__Bifidobacterium_sp002742445	0.0348532180375	-0.0348532180375
k__Bacteria|p__Firmicutes_A|c__Clostridia|o__Tissierellales|f__Helcococcaceae|g__Anaerococcus|s__Anaerococcus_vaginalis_B	-0.291298207292	0.291298207292
k__Bacteria|p__Firmicutes_A|c__Clostridia|o__Oscillospirales|f__Ruminococcaceae|g__Ruminococcus_C|s__Ruminococcus_C_callidus	0.306844049621	-0.306844049621
k__Bacteria|p__Firmicutes_C|c__Negativicutes|o__Acidaminococcales|f__Acidaminococcaceae|g__Phascolarctobacterium|s__Phascolarctobacterium_faecium	-0.212316810074	0.212316810074
k__Bacteria|p__Firmicutes|c__Bacilli|o__Staphylococcales|f__Gemellaceae|g__Gemella|s__Gemella_sanguinis	0.0930471781741	-0.0930471781741
k__Bacteria|p__Bacteroidota|c__Bacteroidia|o__Bacteroidales|f__Bacteroidaceae|g__Prevotella|s__Prevotella_bivia		
k__Bacteria|p__Firmicutes|c__Bacilli|o__Lactobacillales|f__Lactobacillaceae|g__Pediococcus|s__Pediococcus_pentosaceus		
k__Bacteria|p__Actinobacteriota|c__Actinomycetia|o__Actinomycetales|f__Bifidobacteriaceae|g__Bifidobacterium|s__Bifidobacterium_animalis	0.344676046402	-0.344676046402
k__Bacteria|p__Firmicutes_A|c__Clostridia|o__Lachnospirales|f__Lachnospiraceae|g__Anaerostipes|s__Anaerostipes_hadrus_A	-0.443292152941	0.443292152941
k__Bacteria|p__Bacteroidota|c__Bacteroidia|o__Bacteroidales|f__Marinifilaceae|g__Odoribacter|s__Odoribacter_splanchnicus	-0.258325895971	0.258325895971
k__Bacteria|p__Firmicutes|c__Bacilli|o__Erysipelotrichales|f__Erysipelotrichaceae|g__Longicatena|s__Longicatena_innocuum	-0.395906285145	0.395906285145
k__Bacteria|p__Firmicutes|c__Bacilli|o__Lactobacillales|f__Streptococcaceae|g__Lactococcus|s__Lactococcus_raffinolactis_A	0.00562630697672	-0.00562630697672
k__Bacteria|p__Firmicutes|c__Bacilli|o__Lactobacillales|f__Streptococcaceae|g__Streptococcus|s__Streptococcus_hyovaginalis	-0.308993302674	0.308993302674
k__Bacteria|p__Firmicutes|c__Bacilli|o__Lactobacillales|f__Lactobacillaceae|g__Ligilactobacillus|s__Ligilactobacillus_ruminis_A		
k__Bacteria|p__Bacteroidota|c__Bacteroidia|o__Bacteroidales|f__Bacteroidaceae|g__Bacteroides|s__Bacteroides_ovatus	-0.457641932569	0.457641932569
k__Bacteria|p__Firmicutes_A|c__Clostridia|o__Lachnospirales|f__Lachnospiraceae|g__Dorea|s__Dorea_hylemonae		
k__Bacteria|p__Firmicutes|c__Bacilli|o__Lactobacillales|f__Enterococcaceae|g__Enterococcus|s__Enterococcus_faecalis	0.421437833204	-0.421437833204
k__Bacteria|p__Proteobacteria|c__Gammaproteobacteria|o__Enterobacterales|f__Pasteurellaceae|g__Haemophilus_D|s__Haemophilus_D_sp001815355	0.221081531132	-0.221081531132
k__Bacteria|p__Bacteroidota|c__Bacteroidia|o__Bacteroidales|f__Bacteroidaceae|g__Bacteroides|s__Bacteroides_sp900066265	0.340094500013	-0.340094500013
k__Bacteria|p__Firmicutes_A|c__Clostridia|o__Lachnospirales|f__Lachnospiraceae|g__Agathobacter|s__Agathobacter_rectalis	-0.178884808343	0.178884808343
k__Bacteria|p__Firmicutes_A|c__Clostridia|o__Lachnospirales|f__Lachnospiraceae|g__Bariatricus|s__Bariatricus_comes	-0.639632093343	0.639632093343
k__Bacteria|p__Actinobacteriota|c__Actinomycetia|o__Actinomycetales|f__Actinomycetaceae|g__Pauljensenia|s__Pauljensenia_odontolytica_C	0.24626419922	-0.24626419922
k__Bacteria|p__Firmicutes|c__Bacilli|o__Lactobacillales|f__Streptococcaceae|g__Streptococcus|s__Streptococcus_intermedius	-0.308540714786	0.308540714786
k__Bacteria|p__Firmicutes_A|c__Clostridia|o__Oscillospirales|f__Ruminococcaceae|g__Ruminiclostridium_E|s__Ruminiclostridium_E_siraeum	0.549448975852	-0.549448975852
k__Bacteria|p__Firmicutes|c__Bacilli|o__Lactobacillales|f__Streptococcaceae|g__Streptococcus|s__Streptococcus_ratti	-0.309303195474	0.309303195474
k__Bacteria|p__Firmicutes|c__Bacilli|o__Lactobacillales|f__Streptococcaceae|g__Streptococcus|s__Streptococcus_pseudopneumoniae_O	0.0115633432651	-0.0115633432651
k__Bacteria|p__Bacteroidota|c__Bacteroidia|o__Bacteroidales|f__Tannerellaceae|g__Parabacteroides|s__Parabacteroides_merdae	-0.353615828746	0.353615828746
k__Bacteria|p__Firmicutes|c__Bacilli|o__Lactobacillales|f__Streptococcaceae|g__Streptococcus|s__Streptococcus_vestibularis	0.42232044975	-0.42232044975
k__Bacteria|p__Firmicutes|c__Bacilli|o__Bacillales|f__Planococcaceae|g__Lysinibacillus|s__Lysinibacillus_boronitolerans		
k__Bacteria|p__Firmicutes_A|c__Clostridia|o__Lachnospirales|f__Lachnospiraceae|g__Butyrivibrio_A|s__Butyrivibrio_A_crossotus	0.423515069342	-0.423515069342
k__Bacteria|p__Firmicutes_A|c__Clostridia|o__Oscillospirales|f__Butyricicoccaceae|g__Butyricicoccus|s__Butyricicoccus_pullicaecorum		
k__Bacteria|p__Firmicutes_A|c__Clostridia|o__Lachnospirales|f__Lachnospiraceae|g__Coprococcus_A|s__Coprococcus_A_catus	-0.673697330199	0.673697330199
k__Bacteria|p__Firmicutes_A|c__Clostridia|o__Lachnospirales|f__Lachnospiraceae|g__Schaedlerella|s__Schaedlerella_glycyrrhizinilyticum	-0.0250702177807	0.0250702177807
k__Bacteria|p__Firmicutes|c__Bacilli|o__Lactobacillales|f__Enterococcaceae|g__Enterococcus_B|s__Enterococcus_B_durans		
k__Bacteria|p__Actinobacteriota|c__Coriobacteriia|o__Coriobacteriales|f__Eggerthellaceae|g__Eggerthella|s__Eggerthella_lenta	0.0154672056222	-0.0154672056222
k__Bacteria|p__Firmicutes_A|c__Clostridia|o__Lachnospirales|f__Lachnospiraceae|g__Roseburia|s__Roseburia_hominis	-0.324110280445	0.324110280445
k__Bacteria|p__Proteobacteria|c__Gammaproteobacteria|o__Burkholderiales|f__Burkholderiaceae|g__Sutterella|s__Sutterella_wadsworthensis_A	0.258194208159	-0.258194208159
k__Bacteria|p__Actinobacteriota|c__Coriobacteriia|o__Coriobacteriales|f__Coriobacteriaceae|g__Collinsella|s__Collinsella_tanakaei		
k__Bacteria|p__Desulfobacterota|c__Desulfovibrionia|o__Desulfovibrionales|f__Desulfovibrionaceae|g__Pseudodesulfovibrio|s__Pseudodesulfovibrio_desulfuricans_A	-0.308809780132	0.308809780132
k__Bacteria|p__Firmicutes_A|c__Clostridia|o__Lachnospirales|f__Lachnospiraceae|g__Dorea|s__Dorea_formicigenerans	0.109207402715	-0.109207402715
k__Bacteria|p__Firmicutes|c__Bacilli|o__Lactobacillales|f__Carnobacteriaceae|g__Carnobacterium|s__Carnobacterium_maltaromaticum		
k__Bacteria|p__Bacteroidota|c__Bacteroidia|o__Bacteroidales|f__Marinifilaceae|g__Butyricimonas|s__Butyricimonas_synergistica		
k__Bacteria|p__Firmicutes|c__Bacilli|o__Lactobacillales|f__Streptococcaceae|g__Lactococcus|s__Lactococcus_lactis_E	0.429880799612	-0.429880799612
k__Bacteria|p__Firmicutes_A|c__Clostridia|o__Peptostreptococcales|f__Anaerovoracaceae|g__Eubacterium_M|s__Eubacterium_M_brachy	-0.031332171022	0.031332171022
k__Bacteria|p__Firmicutes|c__Bacilli|o__Lactobacillales|f__Streptococcaceae|g__Streptococcus|s__Streptococcus_anginosus_C	-0.468653758066	0.468653758066
k__Bacteria|p__Firmicutes_A|c__Clostridia|o__Lachnospirales|f__Lachnospiraceae|g__Muricomes|s__Muricomes_sp000509105	0.0763482896583	-0.0763482896583
k__Bacteria|p__Firmicutes_A|c__Clostridia|o__Peptostreptococcales|f__Anaerovoracaceae|g__Eubacterium_B|s__Eubacterium_B_infirmum		
k__Bacteria|p__Firmicutes|c__Bacilli|o__Erysipelotrichales|f__Erysipelatoclostridiaceae|g__Catenibacterium|s__Catenibacterium_mitsuokai		
k__Bacteria|p__Verrucomicrobiota|c__Verrucomicrobiae|o__Verrucomicrobiales|f__Akkermansiaceae|g__Akkermansia|s__Akkermansia_muciniphila_D	-0.496174805111	0.496174805111
k__Bacteria|p__Firmicutes|c__Bacilli|o__Erysipelotrichales|f__Erysipelotrichaceae|g__Bulleidia|s__Bulleidia_moorei	-0.279825892153	0.279825892153
k__Bacteria|p__Firmicutes|c__Bacilli|o__Erysipelotrichales|f__Erysipelotrichaceae|g__Faecalitalea|s__Faecalitalea_cylindroides	-0.0409155073949	0.0409155073949
k__Bacteria|p__Firmicutes_C|c__Negativicutes|o__Veillonellales|f__Dialisteraceae|g__Dialister|s__Dialister_invisus	0.228813093089	-0.228813093089
k__Bacteria|p__Firmicutes|c__Bacilli|o__Haloplasmatales|f__Turicibacteraceae|g__Turicibacter|s__Turicibacter_sp001543345	-0.245383834366	0.245383834366
k__Bacteria|p__Firmicutes_C|c__Negativicutes|o__Acidaminococcales|f__Acidaminococcaceae|g__Acidaminococcus|s__Acidaminococcus_intestini	0.284473310001	-0.284473310001
k__Bacteria|p__Firmicutes_A|c__Clostridia|o__Peptostreptococcales|f__Peptostreptococcaceae|g__Paraclostridium|s__Paraclostridium_bifermentans_A		
k__Bacteria|p__Firmicutes_A|c__Clostridia|o__Oscillospirales|f__Ruminococcaceae|g__Ruminococcus_F|s__Ruminococcus_F_champanellensis	-0.26940815463	0.26940815463
k__Bacteria|p__Firmicutes_A|c__Clostridia|o__Oscillospirales|f__Ruminococcaceae|g__Faecalibacterium|s__Faecalibacterium_sp900539885	0.0726075330022	-0.0726075330022
k__Bacteria|p__Bacteroidota|c__Bacteroidia|o__Bacteroidales|f__Tannerellaceae|g__Parabacteroides|s__Parabacteroides_distasonis_A	-0.256520519366	0.256520519366
k__Bacteria|p__Firmicutes|c__Bacilli|o__Erysipelotrichales|f__Erysipelatoclostridiaceae|g__Erysipelatoclostridium|s__Erysipelatoclostridium_ramosum	-0.30907731287	0.30907731287
k__Bacteria|p__Bacteroidota|c__Bacteroidia|o__Bacteroidales|f__Rikenellaceae|g__Alistipes|s__Alistipes_senegalensis	-0.375179886903	0.375179886903
k__Bacteria|p__Firmicutes|c__Bacilli|o__Lactobacillales|f__Lactobacillaceae|g__Latilactobacillus|s__Latilactobacillus_sakei_A		
k__Bacteria|p__Desulfobacterota|c__Desulfovibrionia|o__Desulfovibrionales|f__Desulfovibrionaceae|g__Bilophila|s__Bilophila_wadsworthia	-0.345164160565	0.345164160565
k__Bacteria|p__Bacteroidota|c__Bacteroidia|o__Bacteroidales|f__Bacteroidaceae|g__Phocaeicola|s__Phocaeicola_vulgatus	-0.4269991117	0.4269991117
k__Bacteria|p__Firmicutes_A|c__Clostridia|o__Lachnospirales|f__Lachnospiraceae|g__Enterocloster|s__Enterocloster_clostridioformis_A		
k__Bacteria|p__Bacteroidota|c__Bacteroidia|o__Bacteroidales|f__Bacteroidaceae|g__Phocaeicola|s__Phocaeicola_dorei	-0.312230904118	0.312230904118
k__Bacteria|p__Actinobacteriota|c__Actinomycetia|o__Actinomycetales|f__Actinomycetaceae|g__Actinomyces|s__Actinomyces_johnsonii		
k__Bacteria|p__Firmicutes_A|c__Clostridia|o__Oscillospirales|f__Oscillospiraceae|g__Flavonifractor|s__Flavonifractor_plautii	-0.452730736352	0.452730736352
k__Bacteria|p__Firmicutes_A|c__Clostridia|o__Lachnospirales|f__Lachnospiraceae|g__Roseburia|s__Roseburia_intestinalis	0.18784970758	-0.18784970758
k__Bacteria|p__Actinobacteriota|c__Actinomycetia|o__Actinomycetales|f__Bifidobacteriaceae|g__Bifidobacterium|s__Bifidobacterium_adolescentis	0.0877239857292	-0.0877239857292
k__Bacteria|p__Firmicutes_A|c__Clostridia|o__Lachnospirales|f__Lachnospiraceae|g__Eubacterium_I|s__Eubacterium_I_ramulus_A	-0.431465860751	0.431465860751
k__Bacteria|p__Firmicutes|c__Bacilli|o__Lactobacillales|f__Lactobacillaceae|g__Leuconostoc|s__Leuconostoc_carnosum		
k__Bacteria|p__Firmicutes|c__Bacilli|o__Lactobacillales|f__Lactobacillaceae|g__Limosilactobacillus|s__Limosilactobacillus_vaginalis		
k__Bacteria|p__Actinobacteriota|c__Actinomycetia|o__Actinomycetales|f__Bifidobacteriaceae|g__Bifidobacterium|s__Bifidobacterium_longum	-0.463500701067	0.463500701067
k__Bacteria|p__Firmicutes_C|c__Negativicutes|o__Veillonellales|f__Veillonellaceae|g__Veillonella|s__Veillonella_atypica	-0.213200716356	0.213200716356
k__Bacteria|p__Bacteroidota|c__Bacteroidia|o__Bacteroidales|f__Bacteroidaceae|g__Bacteroides|s__Bacteroides_nordii	0.112374763441	-0.112374763441
k__Bacteria|p__Bacteroidota|c__Bacteroidia|o__Bacteroidales|f__Bacteroidaceae|g__Prevotella|s__Prevotella_intermedia	-0.309306900613	0.309306900613
k__Bacteria|p__Firmicutes|c__Bacilli|o__Lactobacillales|f__Lactobacillaceae|g__Lacticaseibacillus|s__Lacticaseibacillus_zeae	-0.213200716356	0.213200716356
k__Bacteria|p__Firmicutes_A|c__Clostridia|o__Lachnospirales|f__Lachnospiraceae|g__Eubacterium_G|s__Eubacterium_G_ventriosum	0.170875100745	-0.170875100745
k__Bacteria|p__Actinobacteriota|c__Coriobacteriia|o__Coriobacteriales|f__Atopobiaceae|g__Lancefieldella|s__Lancefieldella_rimae		
k__Bacteria|p__Firmicutes|c__Bacilli|o__Lactobacillales|f__Streptococcaceae|g__Streptococcus|s__Streptococcus_lutetiensis	-0.262369876786	0.262369876786
k__Bacteria|p__Proteobacteria|c__Gammaproteobacteria|o__Pseudomonadales|f__Pseudomonadaceae|g__Pseudomonas_E|s__Pseudomonas_E_sp000346225	0.245711647557	-0.245711647557
k__Bacteria|p__Firmicutes|c__Bacilli|o__Lactobacillales|f__Lactobacillaceae|g__Ligilactobacillus|s__Ligilactobacillus_salivarius		
k__Bacteria|p__Bacteroidota|c__Bacteroidia|o__Bacteroidales|f__Bacteroidaceae|g__Bacteroides|s__Bacteroides_xylanisolvens	-0.310691720322	0.310691720322
k__Bacteria|p__Bacteroidota|c__Bacteroidia|o__Bacteroidales|f__Bacteroidaceae|g__Paraprevotella|s__Paraprevotella_xylaniphila	-0.309328310687	0.309328310687
k__Bacteria|p__Firmicutes_A|c__Clostridia|o__Lachnospirales|f__Lachnospiraceae|g__Coprococcus|s__Coprococcus_eutactus_A	0.0148255961747	-0.0148255961747
k__Bacteria|p__Bacteroidota|c__Bacteroidia|o__Bacteroidales|f__Bacteroidaceae|g__Prevotella|s__Prevotella_copri_A	0.397955523344	-0.397955523344
k__Bacteria|p__Bacteroidota|c__Bacteroidia|o__Bacteroidales|f__Barnesiellaceae|g__Barnesiella|s__Barnesiella_intestinihominis	-0.231067248232	0.231067248232
k__Bacteria|p__Firmicutes_A|c__Clostridia|o__Clostridiales|f__Clostridiaceae|g__Clostridium|s__Clostridium_tertium		
k__Bacteria|p__Firmicutes_A|c__Clostridia|o__Lachnospirales|f__Lachnospiraceae|g__Mediterraneibacter|s__Mediterraneibacter_lactaris	-0.275892080038	0.275892080038
k__Bacteria|p__Firmicutes_A|c__Clostridia|o__Oscillospirales|f__Oscillospiraceae|g__Lawsonibacter|s__Lawsonibacter_sp000177015	-0.253986664537	0.253986664537
k__Bacteria|p__Firmicutes_A|c__Clostridia|o__Lachnospirales|f__Lachnospiraceae|g__Anaerobutyricum|s__Anaerobutyricum_hallii_A	-0.342894276932	0.342894276932
k__Bacteria|p__Bacteroidota|c__Bacteroidia|o__Bacteroidales|f__Bacteroidaceae|g__Bacteroides|s__Bacteroides_faecis	-0.461007703682	0.461007703682
k__Bacteria|p__Firmicutes|c__Bacilli|o__Lactobacillales|f__Streptococcaceae|g__Streptococcus|s__Streptococcus_parasanguinis_D	0.180350323678	-0.180350323678
k__Bacteria|p__Bacteroidota|c__Bacteroidia|o__Bacteroidales|f__Bacteroidaceae|g__Bacteroides|s__Bacteroides_intestinalis_A	-0.260496774684	0.260496774684
k__Bacteria|p__Firmicutes|c__Bacilli|o__Lactobacillales|f__Enterococcaceae|g__Enterococcus_A|s__Enterococcus_A_malodoratus		
k__Bacteria|p__Firmicutes_C|c__Negativicutes|o__Veillonellales|f__Veillonellaceae|g__Veillonella|s__Veillonella_parvula_A	0.121574389836	-0.121574389836
k__Bacteria|p__Firmicutes_A|c__Clostridia|o__Tissierellales|f__Helcococcaceae|g__Parvimonas|s__Parvimonas_micra	-0.213200716356	0.213200716356
k__Bacteria|p__Bacteroidota|c__Bacteroidia|o__Bacteroidales|f__Bacteroidaceae|g__Phocaeicola|s__Phocaeicola_sp900554435	-0.0738592386834	0.0738592386834
k__Bacteria|p__Firmicutes_C|c__Negativicutes|o__Acidaminococcales|f__Acidaminococcaceae|g__Acidaminococcus|s__Acidaminococcus_fermentans_A	0.2604093237	-0.2604093237
k__Bacteria|p__Firmicutes_A|c__Clostridia|o__Peptostreptococcales|f__Peptostreptococcaceae|g__Paeniclostridium|s__Paeniclostridium_sordellii		
k__Bacteria|p__Bacteroidota|c__Bacteroidia|o__Bacteroidales|f__Rikenellaceae|g__Alistipes|s__Alistipes_putredinis	-0.54067111526	0.54067111526
k__Bacteria|p__Proteobacteria|c__Gammaproteobacteria|o__Enterobacterales|f__Enterobacteriaceae|g__Citrobacter|s__Citrobacter_youngae		
k__Bacteria|p__Actinobacteriota|c__Coriobacteriia|o__Coriobacteriales|f__Coriobacteriaceae|g__Collinsella|s__Collinsella_sp003487125	0.221033217304	-0.221033217304
k__Bacteria|p__Firmicutes|c__Bacilli|o__Erysipelotrichales|f__Erysipelatoclostridiaceae|g__Coprobacillus|s__Coprobacillus_cateniformis		
k__Bacteria|p__Firmicutes_A|c__Clostridia|o__Lachnospirales|f__Lachnospiraceae|g__Enterocloster|s__Enterocloster_sp900540675	0.231321861472	-0.231321861472
k__Bacteria|p__Firmicutes|c__Bacilli|o__Erysipelotrichales|f__Erysipelotrichaceae|g__Holdemania|s__Holdemania_filiformis	-0.379906658931	0.379906658931
k__Bacteria|p__Firmicutes_A|c__Clostridia|o__Lachnospirales|f__Lachnospiraceae|g__Eisenbergiella|s__Eisenbergiella_tayi	-0.368899631561	0.368899631561
k__Bacteria|p__Firmicutes_A|c__Clostridia|o__Peptostreptococcales|f__Peptostreptococcaceae|g__Peptostreptococcus|s__Peptostreptococcus_anaerobius	-0.309210812696	0.309210812696
k__Bacteria|p__Bacteroidota|c__Bacteroidia|o__Bacteroidales|f__Bacteroidaceae|g__Bacteroides|s__Bacteroides_thetaiotaomicron	-0.359242465667	0.359242465667
k__Bacteria|p__Firmicutes_A|c__Clostridia|o__Oscillospirales|f__Oscillospiraceae|g__Flavonifractor|s__Flavonifractor_sp000508885	-0.294262690352	0.294262690352
k__Bacteria|p__Actinobacteriota|c__Actinomycetia|o__Actinomycetales|f__Micrococcaceae|g__Rothia|s__Rothia_dentocariosa	-0.302867446293	0.302867446293
k__Bacteria|p__Firmicutes_A|c__Clostridia|o__Eubacteriales|f__Eubacteriaceae|g__Eubacterium|s__Eubacterium_maltosivorans	0.258604644887	-0.258604644887
k__Bacteria|p__Actinobacteriota|c__Actinomycetia|o__Actinomycetales|f__Bifidobacteriaceae|g__Bifidobacterium|s__Bifidobacterium_breve	0.22952080551	-0.22952080551
k__Bacteria|p__Bacteroidota|c__Bacteroidia|o__Bacteroidales|f__Bacteroidaceae|g__Bacteroides|s__Bacteroides_cellulosilyticus	0.410018477514	-0.410018477514
k__Bacteria|p__Firmicutes_A|c__Clostridia|o__Oscillospirales|f__Acutalibacteraceae|g__Ruminococcus_H|s__Ruminococcus_H_sp003531055	-0.220114558943	0.220114558943
k__Bacteria|p__Proteobacteria|c__Gammaproteobacteria|o__Pseudomonadales|f__Pseudomonadaceae|g__Pseudomonas_E|s__Pseudomonas_E_parafulva_B	0.341700749972	-0.341700749972
k__Bacteria|p__Firmicutes|c__Bacilli|o__Erysipelotrichales|f__Erysipelotrichaceae|g__Holdemanella|s__Holdemanella_biformis	0.420923599602	-0.420923599602
k__Bacteria|p__Firmicutes|c__Bacilli|o__Lactobacillales|f__Lactobacillaceae|g__Leuconostoc|s__Leuconostoc_pseudomesenteroides_A	-0.077665699171	0.077665699171
k__Bacteria|p__Firmicutes_A|c__Clostridia|o__Lachnospirales|f__Lachnospiraceae|g__Faecalimonas|s__Faecalimonas_nexilis		
k__Bacteria|p__Firmicutes|c__Bacilli|o__Lactobacillales|f__Lactobacillaceae|g__Limosilactobacillus|s__Limosilactobacillus_fermentum_A		
k__Bacteria|p__Firmicutes|c__Bacilli|o__Lactobacillales|f__Lactobacillaceae|g__Leuconostoc|s__Leuconostoc_mesenteroides	0.160829194355	-0.160829194355
k__Bacteria|p__Firmicutes|c__Bacilli|o__Lactobacillales|f__Streptococcaceae|g__Streptococcus|s__Streptococcus_sanguinis_G	-0.310084505492	0.310084505492
k__Bacteria|p__Firmicutes_A|c__Clostridia|o__Lachnospirales|f__Lachnospiraceae|g__Mediterraneibacter|s__Mediterraneibacter_torques	0.0376505581257	-0.0376505581257
k__Bacteria|p__Firmicutes|c__Bacilli|o__Lactobacillales|f__Enterococcaceae|g__Enterococcus_A|s__Enterococcus_A_gilvus		
k__Bacteria|p__Firmicutes_A|c__Clostridia|o__Lachnospirales|f__Lachnospiraceae|g__Coprococcus|s__Coprococcus_sp000154245	0.64016428546	-0.64016428546
k__Bacteria|p__Bacteroidota|c__Bacteroidia|o__Bacteroidales|f__Rikenellaceae|g__Alistipes|s__Alistipes_obesi	-0.171253852473	0.171253852473
k__Bacteria|p__Fusobacteriota|c__Fusobacteriia|o__Fusobacteriales|f__Fusobacteriaceae|g__Fusobacterium_C|s__Fusobacterium_C_necrophorum	-0.309141776926	0.309141776926
k__Bacteria|p__Bacteroidota|c__Bacteroidia|o__Bacteroidales|f__Bacteroidaceae|g__Phocaeicola|s__Phocaeicola_plebeius_B	0.239808633594	-0.239808633594
k__Bacteria|p__Actinobacteriota|c__Coriobacteriia|o__Coriobacteriales|f__Atopobiaceae|g__Lancefieldella|s__Lancefieldella_sp000564995	0.398192964585	-0.398192964585
k__Bacteria|p__Firmicutes|c__Bacilli|o__Erysipelotrichales|f__Erysipelotrichaceae|g__Longicatena|s__Longicatena_sp003481775	-0.266168867971	0.266168867971
k__Bacteria|p__Bacteroidota|c__Bacteroidia|o__Bacteroidales|f__Rikenellaceae|g__Alistipes|s__Alistipes_onderdonkii	-0.332730970793	0.332730970793
k__Bacteria|p__Firmicutes_A|c__Clostridia|o__Oscillospirales|f__Ruminococcaceae|g__Anaerotruncus|s__Anaerotruncus_colihominis		
k__Bacteria|p__Bacteroidota|c__Bacteroidia|o__Bacteroidales|f__Bacteroidaceae|g__Bacteroides|s__Bacteroides_uniformis	-0.423660960057	0.423660960057
k__Bacteria|p__Firmicutes_A|c__Clostridia|o__Peptostreptococcales|f__Peptostreptococcaceae|g__Peptostreptococcus|s__Peptostreptococcus_stomatis	-0.309167545237	0.309167545237
k__Bacteria|p__Proteobacteria|c__Gammaproteobacteria|o__Enterobacterales|f__Enterobacteriaceae|g__Phytobacter|s__Phytobacter_ursingii	-0.326504163667	0.326504163667
k__Bacteria|p__Firmicutes_A|c__Clostridia|o__Clostridiales|f__Clostridiaceae|g__Clostridium|s__Clostridium_celatum	0.00537653623916	-0.00537653623916
k__Bacteria|p__Firmicutes|c__Bacilli|o__Lactobacillales|f__Streptococcaceae|g__Streptococcus|s__Streptococcus_pseudopneumoniae_M	-0.0913091405938	0.0913091405938
k__Bacteria|p__Actinobacteriota|c__Actinomycetia|o__Actinomycetales|f__Actinomycetaceae|g__Actinomyces|s__Actinomyces_viscosus		
k__Bacteria|p__Firmicutes_A|c__Clostridia|o__Oscillospirales|f__Ruminococcaceae|g__Ruminococcus|s__Ruminococcus_flavefaciens_T	-0.0179085985934	0.0179085985934
k__Bacteria|p__Actinobacteriota|c__Actinomycetia|o__Propionibacteriales|f__Propionibacteriaceae|g__Propionibacterium|s__Propionibacterium_freudenreichii	0.250856649401	-0.250856649401
k__Bacteria|p__Bacteroidota|c__Bacteroidia|o__Bacteroidales|f__Tannerellaceae|g__Parabacteroides|s__Parabacteroides_timonensis	-0.154970218395	0.154970218395
k__Bacteria|p__Bacteroidota|c__Bacteroidia|o__Bacteroidales|f__Bacteroidaceae|g__Phocaeicola|s__Phocaeicola_coprocola		
k__Bacteria|p__Firmicutes_A|c__Clostridia|o__Lachnospirales|f__Lachnospiraceae|g__Lachnospira|s__Lachnospira_eligens_B	0.566950465969	-0.566950465969
k__Bacteria|p__Firmicutes_A|c__Clostridia|o__Oscillospirales|f__Ruminococcaceae|g__Gemmiger|s__Gemmiger_variabilis_C		
k__Bacteria|p__Bacteroidota|c__Bacteroidia|o__Bacteroidales|f__Rikenellaceae|g__Alistipes|s__Alistipes_shahii	-0.611440470146	0.611440470146
k__Bacteria|p__Proteobacteria|c__Gammaproteobacteria|o__Burkholderiales|f__Burkholderiaceae|g__Parasutterella|s__Parasutterella_excrementihominis	-0.579212802872	0.579212802872
k__Bacteria|p__Firmicutes|c__Bacilli|o__Staphylococcales|f__Gemellaceae|g__Gemella|s__Gemella_morbillorum	-0.309030096053	0.309030096053
k__Bacteria|p__Bacteroidota|c__Bacteroidia|o__Bacteroidales|f__Bacteroidaceae|g__Bacteroides|s__Bacteroides_clarus	-0.309543545723	0.309543545723
k__Bacteria|p__Bacteroidota|c__Bacteroidia|o__Bacteroidales|f__Bacteroidaceae|g__Bacteroides|s__Bacteroides_caccae	-0.297359390875	0.297359390875
k__Bacteria|p__Actinobacteriota|c__Actinomycetia|o__Actinomycetales|f__Micrococcaceae|g__Rothia|s__Rothia_sp001808955	-0.453490706297	0.453490706297
k__Bacteria|p__Firmicutes|c__Bacilli|o__Erysipelotrichales|f__Erysipelotrichaceae|g__Longicatena|s__Longicatena_caecimuris		
k__Bacteria|p__Firmicutes_C|c__Negativicutes|o__Veillonellales|f__Dialisteraceae|g__Dialister|s__Dialister_succinatiphilus		
k__Bacteria|p__Proteobacteria|c__Gammaproteobacteria|o__Enterobacterales|f__Enterobacteriaceae|g__Hafnia|s__Hafnia_paralvei	0.411444449375	-0.411444449375
k__Bacteria|p__Firmicutes|c__Bacilli|o__Lactobacillales|f__Streptococcaceae|g__Streptococcus|s__Streptococcus_sp004166885	0.526417595356	-0.526417595356
k__Bacteria|p__Firmicutes_A|c__Clostridia|o__Oscillospirales|f__Acutalibacteraceae|g__Clostridium_A|s__Clostridium_A_leptum	-0.408534341773	0.408534341773
k__Bacteria|p__Firmicutes_A|c__Clostridia|o__Oscillospirales|f__Oscillospiraceae|g__Oscillibacter|s__Oscillibacter_welbionis	-0.213200716356	0.213200716356
k__Bacteria|p__Firmicutes|c__Bacilli|o__Lactobacillales|f__Streptococcaceae|g__Streptococcus|s__Streptococcus_constellatus	-0.189043131176	0.189043131176
k__Bacteria|p__Actinobacteriota|c__Actinomycetia|o__Propionibacteriales|f__Propionibacteriaceae|g__Cutibacterium|s__Cutibacterium_namnetense	0.216994217694	-0.216994217694
k__Bacteria|p__Actinobacteriota|c__Actinomycetia|o__Actinomycetales|f__Actinomycetaceae|g__Pauljensenia|s__Pauljensenia_turicensis		
k__Bacteria|p__Desulfobacterota|c__Desulfovibrionia|o__Desulfovibrionales|f__Desulfovibrionaceae|g__Desulfovibrio|s__Desulfovibrio_sp900556755	-0.309343421888	0.309343421888
k__Bacteria|p__Firmicutes_A|c__Clostridia|o__Peptostreptococcales|f__Peptostreptococcaceae|g__Terrisporobacter|s__Terrisporobacter_glycolicus_A	-0.304497707408	0.304497707408
