ID	Group
SRR5279221	D013167
SRR5279281	D013167
SRR5279302	D013167
SRR5279241	D013167
SRR5279263	D013167
SRR5279310	D013167
SRR5279256	D013167
SRR5279303	D013167
SRR5279276	D013167
SRR5279229	D013167
SRR5279282	D013167
SRR5279242	D013167
SRR5279233	D013167
SRR5279278	D013167
SRR5279239	D013167
SRR5279308	D013167
SRR5279246	D013167
SRR5279232	D013167
SRR5279219	D013167
SRR5279285	D013167
SRR5279237	D013167
SRR5279235	D013167
SRR5279257	D013167
SRR5279286	D013167
SRR5279309	D013167
SRR5279304	D013167
SRR5279227	D013167
SRR5279238	D013167
SRR5279254	D013167
SRR5279280	D013167
SRR5279258	D013167
SRR5279228	D013167
SRR5279218	D013167
SRR5279259	D013167
SRR5279283	D013167
SRR5279300	D013167
SRR5279226	D013167
SRR5279294	D013167
SRR5279248	D013167
SRR5279267	D013167
SRR5279295	D013167
SRR5279225	D013167
SRR5279268	D013167
SRR5279217	D013167
SRR5279290	D013167
SRR5279236	D013167
SRR5279298	D013167
SRR5279297	D013167
SRR5279266	D013167
SRR5279230	D013167
SRR5279312	D013167
SRR5279284	D013167
SRR5279296	D013167
SRR5279273	D013167
SRR5279260	D013167
SRR5279269	D013167
SRR5279247	D013167
SRR5279253	D013167
SRR5279223	D013167
SRR5279252	D013167
SRR5279220	D013167
SRR5279293	D013167
SRR5279262	D013167
SRR5279265	D013167
SRR5279261	D013167
SRR5279243	D013167
SRR5279291	D013167
SRR5279277	D013167
SRR5279272	D013167
SRR5279255	D013167
SRR5279249	D013167
SRR5279287	D013167
SRR5279307	D013167
SRR5279311	D013167
SRR5279222	D013167
SRR5279289	D013167
SRR5279274	D013167
SRR5279271	D013167
SRR5279299	D013167
SRR5279313	D013167
SRR5279306	D013167
SRR5279224	D013167
SRR5279275	D013167
SRR5279292	D013167
SRR5279240	D013167
SRR5279288	D013167
SRR5279301	D013167
SRR5279264	D013167
SRR5279231	D013167
SRR5279244	D013167
SRR5279234	D013167
SRR5279245	D013167
SRR5279270	D013167
SRR5279279	D013167
SRR5279250	D013167
SRR5279251	D013167
ERR321207	Healthy
ERR719788	Healthy
ERR011148	Healthy
ERR479374	Healthy
ERR209687	Healthy
SRR961718	Healthy
SRR5091579	Healthy
ERR525750	Healthy
ERR719194	Healthy
ERR719924	Healthy
SRR5275407	Healthy
SRR5903372	Healthy
SRR6474280	Healthy
ERR209461	Healthy
ERR479324	Healthy
ERR209657	Healthy
ERR719519	Healthy
ERR481088	Healthy
SRR6474301	Healthy
ERR480887	Healthy
ERR526067	Healthy
ERR480577	Healthy
ERR719963	Healthy
SRR5813309	Healthy
ERR719581	Healthy
ERR525993	Healthy
SRR6474276	Healthy
ERR479286	Healthy
ERR209654	Healthy
SRR5813288	Healthy
ERR719905	Healthy
SRR5813466	Healthy
ERR321622	Healthy
ERR526020	Healthy
ERR525849	Healthy
ERR321131	Healthy
SRR5813298	Healthy
ERR209175	Healthy
ERR209450	Healthy
ERR478960	Healthy
ERR480760	Healthy
SRR3313090	Healthy
ERR209167	Healthy
ERR479003	Healthy
ERR719772	Healthy
SRR1930141	Healthy
SRR5813362	Healthy
ERR478987	Healthy
ERR719639	Healthy
ERR525946	Healthy
ERR209337	Healthy
SRR5091505	Healthy
SRR5813316	Healthy
ERR1398126	Healthy
ERR719479	Healthy
SRR5651468	Healthy
ERR209197	Healthy
SRR5651478	Healthy
ERR321606	Healthy
ERR525839	Healthy
ERR525930	Healthy
ERR480649	Healthy
ERR479271	Healthy
ERR209198	Healthy
ERR209845	Healthy
SRR5813214	Healthy
ERR719343	Healthy
ERR720157	Healthy
SRR5813443	Healthy
ERR526017	Healthy
ERR719011	Healthy
ERR209648	Healthy
ERR719254	Healthy
ERR719398	Healthy
ERR209182	Healthy
ERR209219	Healthy
ERR321228	Healthy
ERR719352	Healthy
ERR719629	Healthy
ERR480910	Healthy
ERR719388	Healthy
ERR505104	Healthy
ERR321630	Healthy
ERR209899	Healthy
SRR1931177	Healthy
SRR5813417	Healthy
ERR011114	Healthy
ERR525902	Healthy
ERR719602	Healthy
ERR719188	Healthy
ERR719726	Healthy
ERR480680	Healthy
ERR719423	Healthy
ERR719303	Healthy
ERR719153	Healthy
SRR5651469	Healthy
ERR209157	Healthy
ERR719643	Healthy
ERR209751	Healthy
ERR720141	Healthy
ERR011127	Healthy
ERR719589	Healthy
ERR321348	Healthy
ERR209421	Healthy
ERR719293	Healthy
ERR719609	Healthy
ERR480873	Healthy
SRR3313076	Healthy
ERR209442	Healthy
SRR053012	Healthy
ERR209133	Healthy
SRR6474208	Healthy
ERR719272	Healthy
ERR719184	Healthy
SRR2175762	Healthy
ERR209289	Healthy
ERR525824	Healthy
ERR720112	Healthy
ERR525735	Healthy
ERR209825	Healthy
ERR479052	Healthy
SRR5813208	Healthy
ERR480470	Healthy
SRR5983379	Healthy
ERR720004	Healthy
ERR719461	Healthy
ERR479297	Healthy
SRR5903359	Healthy
ERR719989	Healthy
SRR5091454	Healthy
ERR720190	Healthy
ERR479287	Healthy
ERR479169	Healthy
SRR5763470	Healthy
ERR525787	Healthy
SRR3313051	Healthy
SRR6474271	Healthy
ERR479340	Healthy
ERR479312	Healthy
ERR719005	Healthy
ERR719942	Healthy
ERR525895	Healthy
ERR719670	Healthy
ERR695606	Healthy
ERR719749	Healthy
SRR5763457	Healthy
SRR5763467	Healthy
SRR5091554	Healthy
ERR525698	Healthy
ERR719732	Healthy
ERR011287	Healthy
ERR480668	Healthy
SRR5813323	Healthy
ERR480909	Healthy
ERR720069	Healthy
ERR720063	Healthy
ERR505092	Healthy
ERR479583	Healthy
ERR526010	Healthy
ERR719512	Healthy
ERR719982	Healthy
SRR5091476	Healthy
ERR209661	Healthy
ERR525744	Healthy
ERR719976	Healthy
ERR719680	Healthy
ERR209335	Healthy
SRR5275475	Healthy
ERR525964	Healthy
ERR719202	Healthy
ERR480790	Healthy
SRR5091573	Healthy
SRR5983390	Healthy
SRR961828	Healthy
ERR525996	Healthy
SRR5983421	Healthy
ERR209120	Healthy
SRR5651434	Healthy
ERR209077	Healthy
ERR479100	Healthy
SRR5813333	Healthy
ERR719896	Healthy
ERR719881	Healthy
ERR209714	Healthy
SRR5651438	Healthy
ERR209285	Healthy
ERR720177	Healthy
ERR719170	Healthy
ERR719505	Healthy
ERR719115	Healthy
ERR209085	Healthy
ERR525883	Healthy
ERR720041	Healthy
ERR479577	Healthy
ERR525805	Healthy
ERR719796	Healthy
ERR525780	Healthy
ERR719480	Healthy
ERR720123	Healthy
ERR720137	Healthy
SRR1930255	Healthy
SRR5983273	Healthy
ERR478983	Healthy
ERR209316	Healthy
ERR321254	Healthy
ERR719375	Healthy
SRR2175769	Healthy
SRR5091541	Healthy
ERR209381	Healthy
ERR321300	Healthy
SRR6474220	Healthy
ERR209525	Healthy
ERR719926	Healthy
ERR209750	Healthy
ERR321441	Healthy
ERR719786	Healthy
ERR720214	Healthy
SRR5813353	Healthy
ERR479400	Healthy
ERR719668	Healthy
SRR961740	Healthy
ERR719403	Healthy
SRR5813271	Healthy
SRR5813311	Healthy
SRR5903340	Healthy
SRR5813434	Healthy
ERR719703	Healthy
ERR719949	Healthy
SRR5813187	Healthy
ERR479270	Healthy
ERR480755	Healthy
ERR1398242	Healthy
ERR480654	Healthy
ERR011255	Healthy
SRR5813274	Healthy
ERR209429	Healthy
ERR525828	Healthy
ERR2270940	Healthy
ERR011132	Healthy
ERR719567	Healthy
ERR525776	Healthy
ERR719485	Healthy
ERR479121	Healthy
ERR719857	Healthy
ERR720059	Healthy
ERR480544	Healthy
SRR6474216	Healthy
ERR719236	Healthy
ERR209492	Healthy
ERR209344	Healthy
ERR479042	Healthy
ERR1809129	Healthy
ERR719792	Healthy
ERR011301	Healthy
ERR719318	Healthy
ERR209472	Healthy
ERR719656	Healthy
ERR719234	Healthy
ERR720127	Healthy
ERR209363	Healthy
ERR718997	Healthy
ERR695614	Healthy
ERR525986	Healthy
ERR719212	Healthy
ERR209293	Healthy
ERR719555	Healthy
ERR719636	Healthy
SRR5813341	Healthy
ERR011102	Healthy
SRR1930250	Healthy
ERR719301	Healthy
ERR719326	Healthy
ERR720117	Healthy
ERR695598	Healthy
ERR720098	Healthy
ERR695617	Healthy
ERR719612	Healthy
ERR719123	Healthy
SRR5947864	Healthy
ERR209449	Healthy
ERR479601	Healthy
ERR719199	Healthy
ERR719575	Healthy
ERR481083	Healthy
ERR719829	Healthy
ERR209231	Healthy
ERR525729	Healthy
ERR719130	Healthy
ERR209459	Healthy
ERR480606	Healthy
ERR480903	Healthy
ERR719338	Healthy
ERR719729	Healthy
SRR961701	Healthy
SRR5903333	Healthy
ERR525870	Healthy
ERR525925	Healthy
ERR1809142	Healthy
ERR719169	Healthy
ERR719750	Healthy
SRR5651464	Healthy
SRR5813360	Healthy
ERR209267	Healthy
ERR011150	Healthy
ERR719443	Healthy
ERR209208	Healthy
ERR479092	Healthy
ERR011311	Healthy
ERR719040	Healthy
SRR5983481	Healthy
ERR321618	Healthy
ERR719992	Healthy
ERR526019	Healthy
ERR719441	Healthy
ERR525695	Healthy
ERR719549	Healthy
SRR5813459	Healthy
SRR5903332	Healthy
ERR479171	Healthy
ERR719661	Healthy
ERR481097	Healthy
SRR5813265	Healthy
SRR5651443	Healthy
SRR5813473	Healthy
ERR209346	Healthy
SRR6474252	Healthy
ERR209394	Healthy
ERR720238	Healthy
ERR526073	Healthy
ERR720017	Healthy
ERR719719	Healthy
ERR719257	Healthy
ERR719713	Healthy
ERR321587	Healthy
ERR719538	Healthy
ERR720050	Healthy
SRR5903347	Healthy
SRR5813462	Healthy
ERR525818	Healthy
ERR505097	Healthy
ERR478963	Healthy
ERR011162	Healthy
ERR480478	Healthy
SRR5091488	Healthy
ERR480479	Healthy
SRR5813221	Healthy
ERR525961	Healthy
ERR719712	Healthy
SRR5813330	Healthy
ERR209137	Healthy
ERR480626	Healthy
ERR209253	Healthy
ERR479597	Healthy
ERR525725	Healthy
ERR526047	Healthy
ERR719418	Healthy
ERR480511	Healthy
ERR720234	Healthy
ERR720210	Healthy
ERR525969	Healthy
ERR209502	Healthy
ERR719162	Healthy
SRR5651447	Healthy
SRR5813450	Healthy
SRR5813386	Healthy
ERR720170	Healthy
SRR5983429	Healthy
ERR209223	Healthy
ERR011345	Healthy
ERR719817	Healthy
ERR720144	Healthy
SRR6474236	Healthy
ERR719849	Healthy
ERR011325	Healthy
ERR719646	Healthy
ERR720024	Healthy
SRR5763451	Healthy
SRR961799	Healthy
ERR1809122	Healthy
ERR720034	Healthy
SRR961721	Healthy
ERR719071	Healthy
ERR719934	Healthy
ERR209246	Healthy
ERR525703	Healthy
SRR5983354	Healthy
ERR011308	Healthy
ERR480492	Healthy
ERR719080	Healthy
ERR011226	Healthy
ERR479130	Healthy
ERR480615	Healthy
ERR525850	Healthy
ERR480816	Healthy
ERR209404	Healthy
ERR719553	Healthy
ERR719595	Healthy
ERR720026	Healthy
ERR719690	Healthy
SRR5813370	Healthy
ERR011193	Healthy
ERR209641	Healthy
ERR719850	Healthy
SRR5813228	Healthy
ERR480699	Healthy
ERR719350	Healthy
SRR5650046	Healthy
ERR011118	Healthy
ERR525757	Healthy
ERR526069	Healthy
ERR719062	Healthy
ERR720160	Healthy
SRR053021	Healthy
SRR5947810	Healthy
SRR6474312	Healthy
ERR525871	Healthy
ERR480490	Healthy
ERR525820	Healthy
ERR209101	Healthy
ERR209185	Healthy
ERR719803	Healthy
ERR719935	Healthy
ERR209143	Healthy
ERR011204	Healthy
ERR209416	Healthy
ERR505089	Healthy
ERR526031	Healthy
ERR719800	Healthy
SRR5983329	Healthy
ERR321536	Healthy
ERR209670	Healthy
ERR209310	Healthy
ERR209203	Healthy
ERR209482	Healthy
ERR209519	Healthy
ERR719886	Healthy
ERR209671	Healthy
SRR5091472	Healthy
SRR6474306	Healthy
ERR209259	Healthy
ERR479023	Healthy
ERR525792	Healthy
ERR719263	Healthy
ERR209282	Healthy
ERR209354	Healthy
ERR479018	Healthy
ERR719078	Healthy
ERR209398	Healthy
ERR719434	Healthy
SRR1930132	Healthy
ERR719913	Healthy
ERR719381	Healthy
SRR5763484	Healthy
SRR5091615	Healthy
ERR719492	Healthy
ERR525770	Healthy
SRR5903350	Healthy
ERR481066	Healthy
ERR720164	Healthy
SRR5813230	Healthy
ERR209497	Healthy
SRR5813290	Healthy
SRR5763447	Healthy
SRR5813257	Healthy
ERR719689	Healthy
ERR719776	Healthy
SRR6474283	Healthy
ERR479591	Healthy
ERR719000	Healthy
ERR720151	Healthy
SRR5813225	Healthy
ERR011091	Healthy
SRR5651471	Healthy
ERR480460	Healthy
ERR209160	Healthy
ERR719109	Healthy
ERR321379	Healthy
ERR719412	Healthy
SRR5651425	Healthy
SRR6474291	Healthy
ERR209464	Healthy
ERR480501	Healthy
ERR719696	Healthy
ERR479195	Healthy
ERR505084	Healthy
SRR053022	Healthy
ERR479398	Healthy
ERR321238	Healthy
ERR719987	Healthy
ERR719187	Healthy
SRR961786	Healthy
ERR209854	Healthy
SRR6474311	Healthy
ERR1809139	Healthy
ERR719256	Healthy
SRR5813413	Healthy
ERR209386	Healthy
SRR5947828	Healthy
SRR5650051	Healthy
ERR479061	Healthy
ERR719619	Healthy
ERR719427	Healthy
ERR719633	Healthy
SRR6474266	Healthy
ERR011121	Healthy
ERR719647	Healthy
ERR719463	Healthy
ERR719128	Healthy
ERR719226	Healthy
ERR719515	Healthy
ERR209240	Healthy
SRR5091596	Healthy
SRR5813237	Healthy
ERR526077	Healthy
ERR719475	Healthy
SRR5813243	Healthy
ERR321214	Healthy
ERR479135	Healthy
SRR2726138	Healthy
SRR5275468	Healthy
ERR479393	Healthy
ERR526007	Healthy
SRR5651430	Healthy
ERR719036	Healthy
ERR719766	Healthy
ERR321557	Healthy
SRR5983350	Healthy
ERR209493	Healthy
SRR5813197	Healthy
ERR719640	Healthy
ERR719678	Healthy
ERR719904	Healthy
SRR5763453	Healthy
ERR719675	Healthy
SRR5813184	Healthy
ERR719496	Healthy
SRR5651421	Healthy
ERR720128	Healthy
ERR480785	Healthy
ERR719754	Healthy
ERR209089	Healthy
SRR961694	Healthy
SRR5813395	Healthy
ERR011198	Healthy
ERR719407	Healthy
ERR321159	Healthy
ERR719971	Healthy
ERR209355	Healthy
ERR321152	Healthy
ERR321415	Healthy
ERR479262	Healthy
ERR719362	Healthy
ERR720222	Healthy
ERR479275	Healthy
ERR480496	Healthy
ERR719296	Healthy
ERR720000	Healthy
ERR525966	Healthy
ERR695608	Healthy
ERR719920	Healthy
SRR5813293	Healthy
ERR719885	Healthy
ERR719879	Healthy
ERR526050	Healthy
ERR719664	Healthy
ERR719497	Healthy
ERR011271	Healthy
ERR480876	Healthy
ERR719584	Healthy
ERR719862	Healthy
ERR209186	Healthy
ERR526040	Healthy
ERR209163	Healthy
ERR011186	Healthy
ERR719771	Healthy
ERR479081	Healthy
SRR6474209	Healthy
ERR720009	Healthy
ERR209171	Healthy
ERR480473	Healthy
ERR525949	Healthy
ERR719400	Healthy
ERR719684	Healthy
ERR209367	Healthy
ERR719223	Healthy
ERR481093	Healthy
ERR2182505	Healthy
ERR720183	Healthy
ERR719951	Healthy
ERR525971	Healthy
ERR719520	Healthy
ERR719395	Healthy
ERR209683	Healthy
ERR209798	Healthy
ERR481077	Healthy
SRR1930122	Healthy
ERR719135	Healthy
ERR719098	Healthy
SRR5763475	Healthy
ERR209370	Healthy
ERR210092	Healthy
ERR719015	Healthy
ERR011122	Healthy
ERR209465	Healthy
ERR505106	Healthy
ERR719801	Healthy
SRR5763483	Healthy
ERR720066	Healthy
ERR719486	Healthy
ERR480664	Healthy
ERR720201	Healthy
ERR1809156	Healthy
ERR720023	Healthy
SRR6474224	Healthy
ERR209232	Healthy
SRR5813358	Healthy
ERR209215	Healthy
ERR720191	Healthy
ERR209719	Healthy
ERR209901	Healthy
SRR5275471	Healthy
ERR480765	Healthy
ERR526029	Healthy
ERR719241	Healthy
ERR719508	Healthy
ERR011272	Healthy
ERR720202	Healthy
ERR321368	Healthy
ERR479404	Healthy
SRR5813302	Healthy
ERR480708	Healthy
ERR720198	Healthy
ERR209735	Healthy
ERR719542	Healthy
ERR479022	Healthy
ERR719108	Healthy
SRR5813426	Healthy
SRR6474246	Healthy
ERR011133	Healthy
ERR525808	Healthy
SRR6474228	Healthy
ERR479198	Healthy
SRR053031	Healthy
SRR5813203	Healthy
SRR5275433	Healthy
ERR525716	Healthy
ERR719156	Healthy
SRR5813455	Healthy
ERR719356	Healthy
ERR719652	Healthy
SRR5275441	Healthy
ERR720149	Healthy
SRR1930144	Healthy
ERR321076	Healthy
ERR719415	Healthy
ERR719706	Healthy
SRR5813381	Healthy
SRR5813383	Healthy
ERR719335	Healthy
ERR480463	Healthy
ERR209528	Healthy
ERR719876	Healthy
ERR719192	Healthy
ERR720173	Healthy
SRR5983372	Healthy
ERR720180	Healthy
SRR3313038	Healthy
ERR321645	Healthy
ERR719279	Healthy
SRR5947871	Healthy
SRR053027	Healthy
SRR961723	Healthy
ERR321603	Healthy
SRR3313081	Healthy
ERR209239	Healthy
ERR209723	Healthy
SRR5813461	Healthy
ERR209236	Healthy
ERR209656	Healthy
ERR719527	Healthy
SRR5813359	Healthy
ERR209778	Healthy
ERR478993	Healthy
ERR719916	Healthy
ERR719544	Healthy
SRR5275395	Healthy
ERR321443	Healthy
ERR525694	Healthy
SRR5813275	Healthy
ERR209138	Healthy
ERR719969	Healthy
ERR525691	Healthy
ERR525863	Healthy
SRR5813447	Healthy
ERR209424	Healthy
SRR5651417	Healthy
ERR209136	Healthy
ERR525855	Healthy
ERR719451	Healthy
ERR480904	Healthy
ERR525951	Healthy
ERR526085	Healthy
ERR525937	Healthy
SRR5813218	Healthy
ERR209169	Healthy
ERR719722	Healthy
ERR209227	Healthy
SRR2175765	Healthy
ERR209296	Healthy
ERR719855	Healthy
SRR5650024	Healthy
SRR5813268	Healthy
ERR525724	Healthy
ERR695603	Healthy
SRR6474273	Healthy
ERR719438	Healthy
ERR479211	Healthy
ERR480596	Healthy
ERR1809151	Healthy
ERR719150	Healthy
SRR5275479	Healthy
ERR719453	Healthy
SRR5091559	Healthy
ERR719470	Healthy
SRR3313077	Healthy
ERR525999	Healthy
ERR720206	Healthy
SRR961778	Healthy
SRR5813190	Healthy
ERR480900	Healthy
ERR011250	Healthy
ERR719035	Healthy
ERR209382	Healthy
ERR526049	Healthy
ERR719968	Healthy
ERR480541	Healthy
ERR719104	Healthy
ERR321255	Healthy
ERR505093	Healthy
ERR525774	Healthy
ERR719814	Healthy
ERR719578	Healthy
ERR719458	Healthy
ERR209303	Healthy
SRR5813229	Healthy
ERR1809126	Healthy
SRR5275467	Healthy
ERR719845	Healthy
ERR525706	Healthy
ERR719806	Healthy
SRR1930138	Healthy
SRR6474289	Healthy
ERR479372	Healthy
ERR480548	Healthy
ERR525755	Healthy
SRR5813365	Healthy
ERR011222	Healthy
ERR719052	Healthy
ERR719573	Healthy
ERR480516	Healthy
ERR525865	Healthy
SRR6474259	Healthy
ERR481098	Healthy
SRR5903356	Healthy
ERR209270	Healthy
ERR011337	Healthy
ERR321250	Healthy
ERR720116	Healthy
ERR719315	Healthy
ERR1809136	Healthy
ERR480482	Healthy
ERR479205	Healthy
SRR5091546	Healthy
ERR011320	Healthy
SRR5813327	Healthy
ERR719029	Healthy
ERR719231	Healthy
SRR053025	Healthy
ERR719189	Healthy
SRR5903343	Healthy
ERR719219	Healthy
ERR209192	Healthy
ERR011207	Healthy
ERR011266	Healthy
SRR6474295	Healthy
ERR719204	Healthy
SRR5763456	Healthy
ERR1809123	Healthy
ERR719260	Healthy
SRR6474303	Healthy
ERR525878	Healthy
SRR3313052	Healthy
ERR209515	Healthy
SRR5903355	Healthy
ERR209082	Healthy
SRR961798	Healthy
ERR525974	Healthy
ERR719799	Healthy
ERR209273	Healthy
ERR719175	Healthy
ERR209314	Healthy
ERR479584	Healthy
ERR719341	Healthy
SRR5813403	Healthy
ERR209393	Healthy
ERR505101	Healthy
ERR719739	Healthy
ERR321583	Healthy
ERR480893	Healthy
SRR6474290	Healthy
ERR209841	Healthy
ERR719045	Healthy
ERR720038	Healthy
ERR209408	Healthy
ERR525889	Healthy
ERR479185	Healthy
SRR5091500	Healthy
SRR961712	Healthy
ERR719956	Healthy
ERR209476	Healthy
SRR6474297	Healthy
ERR480897	Healthy
ERR209357	Healthy
ERR209507	Healthy
ERR719112	Healthy
ERR719938	Healthy
ERR209152	Healthy
ERR525720	Healthy
ERR209306	Healthy
SRR1929484	Healthy
ERR719606	Healthy
ERR011211	Healthy
ERR719489	Healthy
SRR5651429	Healthy
SRR5651460	Healthy
ERR719247	Healthy
SRR5813392	Healthy
ERR719823	Healthy
SRR5813477	Healthy
SRR961849	Healthy
ERR719139	Healthy
SRR2673279	Healthy
ERR209109	Healthy
ERR525880	Healthy
ERR525965	Healthy
ERR719143	Healthy
SRR5813438	Healthy
ERR719531	Healthy
ERR478996	Healthy
ERR209207	Healthy
ERR719420	Healthy
SRR5813305	Healthy
ERR525821	Healthy
SRR5983433	Healthy
ERR321248	Healthy
ERR479265	Healthy
ERR525867	Healthy
ERR719535	Healthy
ERR209669	Healthy
ERR321299	Healthy
ERR719598	Healthy
ERR209343	Healthy
ERR209070	Healthy
ERR209374	Healthy
ERR209328	Healthy
ERR209284	Healthy
ERR525801	Healthy
ERR720178	Healthy
ERR011241	Healthy
ERR719759	Healthy
ERR719306	Healthy
ERR719068	Healthy
SRR5813248	Healthy
ERR479046	Healthy
SRR5813328	Healthy
ERR719085	Healthy
ERR719022	Healthy
ERR719558	Healthy
ERR479107	Healthy
ERR719947	Healthy
ERR478980	Healthy
ERR719057	Healthy
ERR526063	Healthy
SRR5813345	Healthy
ERR209506	Healthy
ERR719385	Healthy
ERR209832	Healthy
ERR209159	Healthy
ERR719280	Healthy
ERR719164	Healthy
SRR961802	Healthy
ERR526012	Healthy
SRR5813193	Healthy
ERR209321	Healthy
ERR209662	Healthy
ERR719659	Healthy
ERR011298	Healthy
ERR479587	Healthy
ERR525760	Healthy
ERR209322	Healthy
ERR479150	Healthy
SRR5813254	Healthy
ERR209140	Healthy
SRR5813234	Healthy
ERR480555	Healthy
ERR478974	Healthy
ERR719695	Healthy
ERR1398263	Healthy
SRR5651465	Healthy
ERR719378	Healthy
ERR719025	Healthy
ERR321549	Healthy
ERR525846	Healthy
ERR209149	Healthy
ERR525738	Healthy
ERR719699	Healthy
ERR719939	Healthy
ERR209350	Healthy
ERR719161	Healthy
SRR961761	Healthy
ERR479272	Healthy
SRR5651439	Healthy
ERR525915	Healthy
ERR209674	Healthy
SRR5813310	Healthy
ERR209222	Healthy
ERR718992	Healthy
ERR720132	Healthy
SRR5813287	Healthy
ERR478958	Healthy
ERR720048	Healthy
ERR209220	Healthy
ERR525907	Healthy
ERR719725	Healthy
ERR719346	Healthy
SRR5651453	Healthy
ERR719783	Healthy
SRR6474230	Healthy
ERR719839	Healthy
SRR6474287	Healthy
ERR209752	Healthy
SRR2175772	Healthy
ERR719360	Healthy
ERR720030	Healthy
ERR720122	Healthy
ERR719066	Healthy
ERR719996	Healthy
ERR720168	Healthy
SRR3313057	Healthy
ERR719195	Healthy
ERR209413	Healthy
ERR209400	Healthy
ERR479315	Healthy
SRR5813416	Healthy
ERR209147	Healthy
ERR480512	Healthy
SRR5813433	Healthy
ERR210095	Healthy
ERR011343	Healthy
ERR209436	Healthy
ERR525957	Healthy
ERR321206	Healthy
ERR525712	Healthy
ERR525892	Healthy
ERR1809145	Healthy
ERR719891	Healthy
SRR961736	Healthy
ERR011156	Healthy
ERR525905	Healthy
ERR719447	Healthy
SRR5763466	Healthy
ERR695600	Healthy
ERR480869	Healthy
ERR719006	Healthy
ERR719054	Healthy
SRR5763469	Healthy
ERR719072	Healthy
SRR5813422	Healthy
ERR209190	Healthy
ERR719430	Healthy
ERR719273	Healthy
ERR719216	Healthy
ERR209496	Healthy
ERR719660	Healthy
ERR719746	Healthy
ERR479341	Healthy
ERR479101	Healthy
ERR719608	Healthy
SRR6474270	Healthy
ERR1809147	Healthy
ERR209158	Healthy
SRR961812	Healthy
SRR5763472	Healthy
ERR719242	Healthy
ERR526058	Healthy
SRR2726141	Healthy
ERR719019	Healthy
SRR5813227	Healthy
ERR720068	Healthy
ERR209121	Healthy
ERR719758	Healthy
ERR480667	Healthy
ERR719467	Healthy
ERR321530	Healthy
ERR525879	Healthy
ERR719552	Healthy
ERR719513	Healthy
ERR719267	Healthy
ERR720172	Healthy
ERR695599	Healthy
ERR209665	Healthy
ERR720226	Healthy
ERR695607	Healthy
SRR961691	Healthy
SRR5275476	Healthy
ERR720165	Healthy
SRR5813442	Healthy
SRR5813334	Healthy
ERR719518	Healthy
ERR719733	Healthy
ERR525697	Healthy
ERR011234	Healthy
ERR480458	Healthy
ERR719093	Healthy
ERR480767	Healthy
ERR719155	Healthy
ERR719877	Healthy
ERR481073	Healthy
ERR719965	Healthy
SRR5983420	Healthy
ERR209317	Healthy
SRR5275435	Healthy
ERR525781	Healthy
ERR720062	Healthy
ERR719262	Healthy
ERR480468	Healthy
SRR6474231	Healthy
ERR719370	Healthy
ERR209474	Healthy
ERR719504	Healthy
ERR719615	Healthy
ERR209095	Healthy
ERR719491	Healthy
ERR720106	Healthy
SRR961787	Healthy
ERR525773	Healthy
ERR525995	Healthy
ERR719116	Healthy
ERR719797	Healthy
ERR210096	Healthy
ERR209658	Healthy
ERR526061	Healthy
ERR719773	Healthy
ERR209713	Healthy
ERR719762	Healthy
ERR525882	Healthy
ERR526003	Healthy
ERR720071	Healthy
SRR1929574	Healthy
ERR719462	Healthy
ERR478970	Healthy
ERR525710	Healthy
ERR720182	Healthy
SRR5091574	Healthy
ERR719671	Healthy
ERR719667	Healthy
SRR5813355	Healthy
ERR719697	Healthy
SRR5813354	Healthy
ERR720150	Healthy
SRR5813207	Healthy
SRR5651437	Healthy
ERR479408	Healthy
ERR719367	Healthy
ERR719361	Healthy
ERR719925	Healthy
ERR011173	Healthy
ERR480707	Healthy
ERR719528	Healthy
ERR720124	Healthy
ERR719882	Healthy
SRR5983280	Healthy
ERR479168	Healthy
ERR011341	Healthy
ERR209181	Healthy
SRR5763448	Healthy
ERR209174	Healthy
ERR526037	Healthy
SRR5813308	Healthy
ERR481089	Healthy
ERR209451	Healthy
ERR719638	Healthy
ERR479375	Healthy
ERR720166	Healthy
SRR5813189	Healthy
SRR5813317	Healthy
SRR5651472	Healthy
ERR719787	Healthy
ERR209728	Healthy
ERR719239	Healthy
SRR5091512	Healthy
SRR5983438	Healthy
ERR526053	Healthy
ERR719580	Healthy
SRR5903371	Healthy
SRR5651467	Healthy
ERR525810	Healthy
ERR720061	Healthy
ERR719290	Healthy
ERR719203	Healthy
ERR525690	Healthy
SRR5813247	Healthy
ERR480545	Healthy
ERR719923	Healthy
SRR5091538	Healthy
ERR479034	Healthy
ERR209784	Healthy
ERR209237	Healthy
ERR719906	Healthy
ERR480874	Healthy
ERR209481	Healthy
ERR719213	Healthy
SRR5903351	Healthy
ERR719325	Healthy
SRR1931170	Healthy
SRR5813398	Healthy
ERR719626	Healthy
ERR719644	Healthy
ERR209458	Healthy
ERR1809130	Healthy
SRR5275445	Healthy
SRR1930133	Healthy
SRR5813264	Healthy
ERR209419	Healthy
ERR011220	Healthy
ERR478988	Healthy
SRR5650029	Healthy
ERR719728	Healthy
SRR5813363	Healthy
ERR525923	Healthy
SRR5813409	Healthy
ERR011319	Healthy
ERR525783	Healthy
ERR209336	Healthy
ERR719100	Healthy
ERR720020	Healthy
SRR5091619	Healthy
ERR719764	Healthy
SRR5813410	Healthy
ERR719775	Healthy
SRR6474247	Healthy
ERR719152	Healthy
ERR209891	Healthy
SRR5983449	Healthy
ERR719517	Healthy
ERR209445	Healthy
ERR011126	Healthy
SRR1930121	Healthy
ERR719348	Healthy
ERR525763	Healthy
SRR5813299	Healthy
ERR719389	Healthy
ERR480484	Healthy
SRR5813301	Healthy
SRR5983451	Healthy
ERR209501	Healthy
ERR525945	Healthy
ERR720156	Healthy
SRR5983265	Healthy
ERR719399	Healthy
ERR719355	Healthy
ERR720100	Healthy
SRR5650176	Healthy
SRR5813204	Healthy
SRR5813270	Healthy
ERR525817	Healthy
ERR719865	Healthy
ERR321623	Healthy
SRR5813402	Healthy
ERR719424	Healthy
ERR321597	Healthy
ERR719284	Healthy
ERR719012	Healthy
SRR5813439	Healthy
ERR480759	Healthy
ERR719707	Healthy
ERR011281	Healthy
SRR5275484	Healthy
ERR209375	Healthy
ERR525823	Healthy
ERR719229	Healthy
SRR5650054	Healthy
SRR5813236	Healthy
ERR480497	Healthy
ERR321347	Healthy
SRR6474300	Healthy
ERR719522	Healthy
ERR525973	Healthy
ERR480617	Healthy
ERR526039	Healthy
SRR1930187	Healthy
ERR209094	Healthy
ERR526064	Healthy
ERR720111	Healthy
SRR6474251	Healthy
ERR321222	Healthy
ERR011346	Healthy
ERR525831	Healthy
SRR961709	Healthy
SRR5651459	Healthy
ERR479599	Healthy
ERR480817	Healthy
SRR5813322	Healthy
ERR480616	Healthy
ERR720003	Healthy
SRR961760	Healthy
ERR719419	Healthy
SRR5983425	Healthy
ERR505088	Healthy
ERR526044	Healthy
SRR6474223	Healthy
ERR719220	Healthy
ERR720047	Healthy
SRR5813396	Healthy
ERR525756	Healthy
ERR479131	Healthy
ERR209116	Healthy
ERR719063	Healthy
ERR209249	Healthy
ERR011119	Healthy
ERR1398253	Healthy
ERR209088	Healthy
ERR525874	Healthy
ERR479588	Healthy
ERR526030	Healthy
ERR209260	Healthy
ERR719997	Healthy
ERR719933	Healthy
ERR479153	Healthy
ERR505105	Healthy
ERR720025	Healthy
SRR5813451	Healthy
SRR5091614	Healthy
ERR209718	Healthy
ERR719870	Healthy
ERR209184	Healthy
ERR209737	Healthy
SRR5983484	Healthy
ERR209256	Healthy
SRR5763450	Healthy
ERR209433	Healthy
SRR053028	Healthy
ERR011178	Healthy
ERR719270	Healthy
ERR209651	Healthy
ERR720027	Healthy
ERR720161	Healthy
ERR719495	Healthy
SRR5091564	Healthy
SRR6474262	Healthy
SRR6474284	Healthy
ERR719059	Healthy
SRR5813258	Healthy
ERR479212	Healthy
ERR719681	Healthy
ERR321371	Healthy
ERR321194	Healthy
ERR719171	Healthy
ERR720179	Healthy
ERR209226	Healthy
ERR480500	Healthy
SRR5651426	Healthy
ERR209479	Healthy
SRR6474269	Healthy
ERR209156	Healthy
ERR481067	Healthy
ERR525795	Healthy
ERR719954	Healthy
ERR011090	Healthy
ERR209644	Healthy
ERR209283	Healthy
ERR1809152	Healthy
ERR720145	Healthy
ERR719034	Healthy
SRR5903360	Healthy
ERR209330	Healthy
ERR525856	Healthy
ERR321251	Healthy
ERR321378	Healthy
ERR719691	Healthy
ERR526024	Healthy
ERR720235	Healthy
ERR480811	Healthy
ERR480531	Healthy
ERR719686	Healthy
ERR209415	Healthy
ERR209142	Healthy
ERR719433	Healthy
ERR719769	Healthy
ERR011103	Healthy
ERR719914	Healthy
ERR525730	Healthy
SRR961742	Healthy
ERR479596	Healthy
ERR719001	Healthy
SRR5651448	Healthy
SRR5813389	Healthy
ERR719185	Healthy
ERR209422	Healthy
ERR209126	Healthy
ERR1809120	Healthy
ERR321483	Healthy
ERR321442	Healthy
ERR209211	Healthy
ERR209161	Healthy
ERR321301	Healthy
ERR719973	Healthy
ERR209325	Healthy
ERR719198	Healthy
ERR321445	Healthy
ERR479391	Healthy
ERR719828	Healthy
SRR5903331	Healthy
ERR480701	Healthy
ERR525827	Healthy
SRR5813312	Healthy
ERR478975	Healthy
ERR719358	Healthy
ERR719601	Healthy
ERR720187	Healthy
ERR479170	Healthy
ERR719832	Healthy
ERR719895	Healthy
ERR011318	Healthy
ERR479590	Healthy
ERR719294	Healthy
ERR321581	Healthy
ERR720097	Healthy
ERR718995	Healthy
ERR525926	Healthy
SRR5275403	Healthy
ERR719337	Healthy
SRR1930142	Healthy
SRR6474299	Healthy
ERR209473	Healthy
ERR209134	Healthy
ERR718996	Healthy
ERR719300	Healthy
SRR6474292	Healthy
ERR480477	Healthy
ERR011257	Healthy
SRR5903352	Healthy
SRR5903364	Healthy
ERR720109	Healthy
ERR719566	Healthy
ERR719140	Healthy
ERR209486	Healthy
ERR719635	Healthy
ERR720058	Healthy
ERR321529	Healthy
ERR011269	Healthy
ERR478966	Healthy
ERR719233	Healthy
SRR5813188	Healthy
ERR209448	Healthy
ERR719714	Healthy
ERR720186	Healthy
ERR479600	Healthy
ERR209292	Healthy
ERR719655	Healthy
ERR479043	Healthy
ERR525764	Healthy
ERR479002	Healthy
ERR719856	Healthy
ERR479264	Healthy
ERR719481	Healthy
ERR719574	Healthy
ERR011205	Healthy
ERR480558	Healthy
ERR525797	Healthy
ERR720239	Healthy
ERR321233	Healthy
ERR719959	Healthy
ERR720057	Healthy
SRR5813349	Healthy
ERR719943	Healthy
ERR719658	Healthy
ERR719981	Healthy
SRR6474258	Healthy
ERR719041	Healthy
SRR3496379	Healthy
SRR6474254	Healthy
ERR719964	Healthy
SRR6474213	Healthy
SRR5813342	Healthy
ERR480461	Healthy
SRR5763452	Healthy
SRR5651444	Healthy
ERR209194	Healthy
ERR011195	Healthy
SRR5091494	Healthy
SRR6474275	Healthy
ERR480902	Healthy
ERR719313	Healthy
ERR481082	Healthy
ERR719554	Healthy
ERR719259	Healthy
ERR1809137	Healthy
ERR526072	Healthy
ERR719302	Healthy
SRR5903321	Healthy
SRR1930251	Healthy
ERR719632	Healthy
ERR209349	Healthy
SRR6474210	Healthy
ERR719021	Healthy
ERR719514	Healthy
SRR5813211	Healthy
ERR011312	Healthy
ERR479108	Healthy
ERR479296	Healthy
ERR480628	Healthy
ERR719168	Healthy
ERR719500	Healthy
ERR719704	Healthy
ERR720035	Healthy
SRR5903348	Healthy
ERR526075	Healthy
ERR481096	Healthy
ERR719048	Healthy
SRR3313067	Healthy
ERR719442	Healthy
ERR719444	Healthy
ERR209279	Healthy
ERR525989	Healthy
ERR720016	Healthy
SRR5813428	Healthy
ERR525927	Healthy
ERR480663	Healthy
ERR011273	Healthy
ERR719524	Healthy
ERR321444	Healthy
SRR961779	Healthy
ERR719214	Healthy
ERR719687	Healthy
ERR719454	Healthy
ERR209520	Healthy
ERR480793	Healthy
ERR525890	Healthy
ERR209318	Healthy
ERR479268	Healthy
SRR6474227	Healthy
ERR321480	Healthy
ERR209405	Healthy
SRR5813380	Healthy
ERR1809143	Healthy
ERR209846	Healthy
ERR695616	Healthy
ERR720231	Healthy
SRR5983366	Healthy
ERR525952	Healthy
ERR719046	Healthy
ERR479379	Healthy
ERR719309	Healthy
SRR5983345	Healthy
ERR209487	Healthy
ERR719605	Healthy
ERR719416	Healthy
ERR209505	Healthy
ERR720012	Healthy
SRR053030	Healthy
SRR6474279	Healthy
SRR5275446	Healthy
ERR209508	Healthy
ERR719960	Healthy
ERR480605	Healthy
ERR719245	Healthy
ERR480590	Healthy
ERR321576	Healthy
ERR719557	Healthy
ERR209724	Healthy
ERR719084	Healthy
ERR719651	Healthy
ERR720211	Healthy
ERR505098	Healthy
SRR961714	Healthy
ERR321602	Healthy
SRR5813382	Healthy
ERR719717	Healthy
ERR209193	Healthy
ERR525919	Healthy
ERR479319	Healthy
ERR209640	Healthy
SRR6474302	Healthy
ERR209645	Healthy
ERR011239	Healthy
ERR720194	Healthy
SRR5983315	Healthy
ERR719663	Healthy
ERR209362	Healthy
ERR480763	Healthy
SRR5903322	Healthy
SRR5091516	Healthy
ERR525835	Healthy
SRR1930134	Healthy
ERR321077	Healthy
ERR525796	Healthy
ERR479401	Healthy
SRR2175771	Healthy
SRR5651418	Healthy
ERR321232	Healthy
ERR209425	Healthy
ERR525723	Healthy
SRR2175768	Healthy
ERR011344	Healthy
ERR718999	Healthy
SRR5091480	Healthy
ERR719543	Healthy
ERR478992	Healthy
SRR5650025	Healthy
ERR719545	Healthy
SRR5813446	Healthy
ERR525754	Healthy
ERR719721	Healthy
ERR209704	Healthy
ERR719810	Healthy
ERR525784	Healthy
SRR5813313	Healthy
ERR480655	Healthy
ERR209139	Healthy
ERR480810	Healthy
SRR5983424	Healthy
ERR525901	Healthy
ERR479060	Healthy
SRR5813267	Healthy
ERR525693	Healthy
ERR719900	Healthy
ERR321369	Healthy
ERR1809155	Healthy
SRR1930145	Healthy
ERR695604	Healthy
ERR209216	Healthy
ERR525809	Healthy
ERR479289	Healthy
ERR479209	Healthy
ERR321651	Healthy
ERR209299	Healthy
ERR480764	Healthy
SRR1930149	Healthy
ERR525713	Healthy
ERR525864	Healthy
ERR526057	Healthy
ERR719392	Healthy
ERR478967	Healthy
ERR719448	Healthy
ERR719253	Healthy
ERR719344	Healthy
ERR719079	Healthy
ERR321556	Healthy
ERR719016	Healthy
ERR719972	Healthy
ERR209146	Healthy
ERR719618	Healthy
ERR480627	Healthy
ERR719777	Healthy
ERR209813	Healthy
SRR5813465	Healthy
ERR719685	Healthy
ERR719742	Healthy
ERR719890	Healthy
SRR5763445	Healthy
ERR479079	Healthy
ERR481092	Healthy
ERR719478	Healthy
ERR719037	Healthy
ERR719288	Healthy
ERR719677	Healthy
ERR209060	Healthy
SRR961724	Healthy
SRR5650047	Healthy
SRR5813405	Healthy
ERR479392	Healthy
ERR209785	Healthy
ERR719176	Healthy
ERR480578	Healthy
ERR719452	Healthy
ERR719648	Healthy
ERR011177	Healthy
ERR719901	Healthy
ERR479579	Healthy
ERR719347	Healthy
SRR5091595	Healthy
ERR719869	Healthy
ERR720207	Healthy
ERR720043	Healthy
ERR719590	Healthy
ERR719700	Healthy
ERR719225	Healthy
ERR719050	Healthy
ERR719124	Healthy
SRR5091560	Healthy
ERR011219	Healthy
ERR321150	Healthy
SRR5651422	Healthy
ERR719585	Healthy
ERR525967	Healthy
ERR321416	Healthy
ERR720218	Healthy
SRR1931173	Healthy
SRR6474261	Healthy
ERR209797	Healthy
ERR209809	Healthy
ERR525910	Healthy
SRR5650048	Healthy
ERR719281	Healthy
SRR5813294	Healthy
ERR209307	Healthy
ERR526025	Healthy
ERR719148	Healthy
SRR5763473	Healthy
SRR6466626	Healthy
ERR209736	Healthy
ERR011199	Healthy
ERR719002	Healthy
SRR5813180	Healthy
SRR5813472	Healthy
ERR321153	Healthy
ERR209090	Healthy
ERR209673	Healthy
ERR525747	Healthy
ERR479080	Healthy
ERR481076	Healthy
ERR209243	Healthy
ERR209371	Healthy
SRR5763476	Healthy
ERR209378	Healthy
ERR479595	Healthy
ERR480454	Healthy
ERR719986	Healthy
ERR209462	Healthy
SRR5650050	Healthy
ERR480784	Healthy
ERR525977	Healthy
ERR719379	Healthy
ERR011321	Healthy
SRR5091551	Healthy
ERR209720	Healthy
ERR719596	Healthy
SRR1930179	Healthy
SRR5813176	Healthy
ERR209650	Healthy
ERR209478	Healthy
ERR209387	Healthy
ERR479320	Healthy
ERR719099	Healthy
ERR719136	Healthy
ERR719521	Healthy
ERR480870	Healthy
ERR719359	Healthy
ERR695609	Healthy
ERR209452	Healthy
SRR961730	Healthy
SRR5275480	Healthy
ERR719363	Healthy
ERR720008	Healthy
ERR321534	Healthy
ERR480877	Healthy
SRR5813304	Healthy
ERR209366	Healthy
ERR720054	Healthy
ERR720169	Healthy
ERR478971	Healthy
SRR5091513	Healthy
ERR479047	Healthy
ERR525852	Healthy
ERR719056	Healthy
ERR480486	Healthy
ERR479016	Healthy
ERR321205	Healthy
ERR480679	Healthy
ERR526060	Healthy
SRR6474233	Healthy
ERR719382	Healthy
SRR5091603	Healthy
ERR209441	Healthy
SRR5813393	Healthy
ERR209130	Healthy
ERR525789	Healthy
ERR719030	Healthy
ERR526009	Healthy
ERR525891	Healthy
ERR479186	Healthy
ERR720053	Healthy
ERR720036	Healthy
ERR209824	Healthy
ERR525933	Healthy
ERR321453	Healthy
ERR478981	Healthy
ERR209401	Healthy
ERR525830	Healthy
ERR525916	Healthy
ERR480472	Healthy
ERR209833	Healthy
ERR719069	Healthy
ERR011093	Healthy
ERR719599	Healthy
ERR720133	Healthy
ERR719622	Healthy
ERR526076	Healthy
SRR6474288	Healthy
ERR525800	Healthy
ERR719780	Healthy
ERR209327	Healthy
ERR209444	Healthy
SRR3313058	Healthy
SRR961793	Healthy
ERR719167	Healthy
ERR719836	Healthy
ERR719950	Healthy
ERR209334	Healthy
ERR719977	Healthy
ERR720031	Healthy
ERR525804	Healthy
ERR209437	Healthy
ERR525906	Healthy
SRR5813255	Healthy
SRR961753	Healthy
ERR719285	Healthy
ERR719024	Healthy
ERR719674	Healthy
ERR719724	Healthy
ERR209148	Healthy
ERR525700	Healthy
ERR479585	Healthy
ERR719572	Healthy
ERR480513	Healthy
ERR478959	Healthy
ERR209264	Healthy
ERR525737	Healthy
ERR209245	Healthy
ERR719200	Healthy
SRR5091545	Healthy
ERR719437	Healthy
ERR011101	Healthy
ERR719314	Healthy
SRR5947822	Healthy
ERR719611	Healthy
SRR5813378	Healthy
ERR525886	Healthy
SRR5813329	Healthy
SRR5813430	Healthy
ERR321635	Healthy
ERR525767	Healthy
ERR480691	Healthy
SRR5813350	Healthy
ERR011120	Healthy
ERR525956	Healthy
ERR209230	Healthy
ERR719067	Healthy
ERR719317	Healthy
ERR209412	Healthy
ERR480758	Healthy
ERR525843	Healthy
SRR5651452	Healthy
ERR720040	Healthy
ERR525904	Healthy
ERR209170	Healthy
ERR719561	Healthy
ERR321089	Healthy
ERR1809146	Healthy
ERR720197	Healthy
ERR479204	Healthy
ERR209688	Healthy
ERR719844	Healthy
ERR525998	Healthy
ERR321256	Healthy
SRR5091466	Healthy
ERR525707	Healthy
ERR321148	Healthy
ERR209895	Healthy
ERR719131	Healthy
ERR720105	Healthy
ERR719822	Healthy
ERR719053	Healthy
SRR5983404	Healthy
ERR321247	Healthy
ERR719091	Healthy
SRR5903335	Healthy
ERR719276	Healthy
SRR5813476	Healthy
ERR480517	Healthy
ERR719789	Healthy
ERR720110	Healthy
SRR6474265	Healthy
ERR479373	Healthy
ERR480537	Healthy
ERR1809133	Healthy
ERR209271	Healthy
SRR5813198	Healthy
ERR719329	Healthy
ERR720075	Healthy
ERR011223	Healthy
ERR525877	Healthy
ERR719028	Healthy
ERR719459	Healthy
SRR961842	Healthy
SRR5813224	Healthy
SRR5813351	Healthy
ERR209164	Healthy
SRR5651433	Healthy
SRR5903344	Healthy
ERR011258	Healthy
ERR209274	Healthy
ERR719736	Healthy
ERR011265	Healthy
ERR719710	Healthy
ERR719105	Healthy
ERR720115	Healthy
ERR321176	Healthy
ERR719815	Healthy
SRR5650028	Healthy
SRR5813326	Healthy
SRR6474242	Healthy
ERR719807	Healthy
ERR209383	Healthy
ERR479295	Healthy
ERR525982	Healthy
ERR011208	Healthy
SRR053026	Healthy
ERR209900	Healthy
SRR5651440	Healthy
ERR719854	Healthy
ERR1398138	Healthy
ERR209151	Healthy
SRR1929485	Healthy
ERR719111	Healthy
SRR5813366	Healthy
ERR479184	Healthy
ERR719191	Healthy
SRR5813200	Healthy
ERR209392	Healthy
SRR961746	Healthy
SRR5091537	Healthy
ERR719910	Healthy
SRR6474315	Healthy
ERR525779	Healthy
SRR5813242	Healthy
ERR719266	Healthy
SRR5275411	Healthy
ERR321537	Healthy
ERR011115	Healthy
ERR719955	Healthy
ERR720138	Healthy
ERR480835	Healthy
ERR526013	Healthy
SRR5650031	Healthy
SRR5947879	Healthy
ERR209079	Healthy
ERR525868	Healthy
SRR5813194	Healthy
ERR720203	Healthy
ERR719207	Healthy
SRR6474255	Healthy
ERR209204	Healthy
ERR209315	Healthy
ERR525866	Healthy
ERR719530	Healthy
ERR209477	Healthy
ERR209300	Healthy
ERR525734	Healthy
ERR480694	Healthy
ERR525717	Healthy
SRR5813427	Healthy
SRR5813441	Healthy
ERR480898	Healthy
ERR209304	Healthy
ERR209099	Healthy
SRR6474296	Healthy
SRR6474298	Healthy
ERR478995	Healthy
ERR719753	Healthy
ERR719334	Healthy
ERR720223	Healthy
SRR5813233	Healthy
ERR480822	Healthy
ERR719534	Healthy
ERR719172	Healthy
ERR719230	Healthy
ERR011212	Healthy
ERR719873	Healthy
SRR961705	Healthy
ERR526041	Healthy
ERR480693	Healthy
ERR526083	Healthy
ERR719694	Healthy
ERR209418	Healthy
ERR525743	Healthy
ERR720056	Healthy
ERR719794	Healthy
ERR209342	Healthy
SRR6474305	Healthy
SRR5983478	Healthy
ERR011209	Healthy
SRR5275465	Healthy
ERR719439	Healthy
SRR6474293	Healthy
ERR719948	Healthy
ERR011172	Healthy
ERR011313	Healthy
ERR719248	Healthy
ERR719145	Healthy
ERR209365	Healthy
ERR719042	Healthy
ERR718994	Healthy
ERR480514	Healthy
ERR720039	Healthy
SRR5091467	Healthy
ERR719600	Healthy
SRR3496378	Healthy
ERR480770	Healthy
ERR525939	Healthy
ERR480700	Healthy
SRR5813479	Healthy
ERR209141	Healthy
ERR719277	Healthy
SRR5813346	Healthy
ERR1398244	Healthy
ERR209275	Healthy
ERR479263	Healthy
ERR525857	Healthy
SRR1930777	Healthy
ERR719808	Healthy
ERR209468	Healthy
SRR5813191	Healthy
ERR719894	Healthy
ERR209205	Healthy
ERR525812	Healthy
ERR480838	Healthy
ERR719120	Healthy
SRR961790	Healthy
ERR209409	Healthy
ERR719058	Healthy
ERR209725	Healthy
ERR719727	Healthy
ERR321451	Healthy
ERR719210	Healthy
SRR5813343	Healthy
ERR719410	Healthy
ERR525772	Healthy
ERR719867	Healthy
ERR719853	Healthy
ERR479197	Healthy
ERR209517	Healthy
ERR480476	Healthy
ERR479593	Healthy
ERR525769	Healthy
SRR5983408	Healthy
ERR720070	Healthy
ERR719715	Healthy
ERR719620	Healthy
ERR479381	Healthy
ERR719132	Healthy
ERR719827	Healthy
ERR209466	Healthy
ERR525819	Healthy
ERR719482	Healthy
ERR720019	Healthy
ERR209150	Healthy
ERR480894	Healthy
ERR321123	Healthy
SRR5091583	Healthy
SRR5813369	Healthy
ERR719324	Healthy
ERR480469	Healthy
SRR961737	Healthy
SRR5275397	Healthy
ERR719501	Healthy
SRR6474238	Healthy
SRR5903341	Healthy
ERR719825	Healthy
ERR719474	Healthy
SRR5813215	Healthy
SRR3313060	Healthy
ERR719565	Healthy
ERR481081	Healthy
ERR209738	Healthy
ERR719129	Healthy
ERR479082	Healthy
ERR720195	Healthy
SRR5813411	Healthy
ERR719333	Healthy
ERR480518	Healthy
SRR5813436	Healthy
SRR961755	Healthy
ERR480821	Healthy
ERR719859	Healthy
ERR719106	Healthy
SRR5813469	Healthy
SRR5813263	Healthy
ERR719483	Healthy
SRR5091525	Healthy
ERR720129	Healthy
ERR209072	Healthy
ERR480499	Healthy
SRR6474214	Healthy
ERR209753	Healthy
ERR525860	Healthy
ERR719179	Healthy
ERR011202	Healthy
ERR011200	Healthy
ERR209312	Healthy
SRR5275483	Healthy
ERR719445	Healthy
SRR5813376	Healthy
ERR720101	Healthy
SRR5813384	Healthy
ERR719472	Healthy
ERR525778	Healthy
ERR1809138	Healthy
SRR961708	Healthy
SRR5813300	Healthy
ERR720158	Healthy
ERR719331	Healthy
SRR961750	Healthy
SRR5813340	Healthy
SRR5813296	Healthy
ERR480757	Healthy
ERR719592	Healthy
SRR5813424	Healthy
ERR525959	Healthy
SRR5813205	Healthy
ERR720167	Healthy
SRR053029	Healthy
ERR719841	Healthy
SRR5813252	Healthy
ERR209411	Healthy
ERR479109	Healthy
ERR1809124	Healthy
SRR5813321	Healthy
ERR011143	Healthy
ERR719060	Healthy
ERR720171	Healthy
ERR719911	Healthy
ERR719383	Healthy
ERR209189	Healthy
ERR526042	Healthy
SRR5813244	Healthy
ERR480471	Healthy
SRR6474314	Healthy
ERR525972	Healthy
ERR011249	Healthy
ERR209261	Healthy
ERR480868	Healthy
ERR209244	Healthy
ERR719261	Healthy
ERR719953	Healthy
SRR1930247	Healthy
SRR5813431	Healthy
ERR719282	Healthy
ERR525981	Healthy
ERR525727	Healthy
SRR5651449	Healthy
ERR525840	Healthy
ERR719312	Healthy
ERR011141	Healthy
ERR321420	Healthy
ERR719917	Healthy
SRR5983430	Healthy
ERR479598	Healthy
SRR5275448	Healthy
SRR5903361	Healthy
ERR011263	Healthy
ERR720046	Healthy
ERR479064	Healthy
SRR5091474	Healthy
ERR478982	Healthy
SRR961815	Healthy
SRR5091613	Healthy
ERR209434	Healthy
ERR209221	Healthy
ERR719013	Healthy
ERR209406	Healthy
ERR719551	Healthy
ERR719271	Healthy
ERR481086	Healthy
ERR719607	Healthy
ERR526045	Healthy
ERR505087	Healthy
ERR719205	Healthy
ERR719094	Healthy
ERR209255	Healthy
ERR525701	Healthy
ERR719781	Healthy
ERR525859	Healthy
ERR525714	Healthy
ERR719980	Healthy
ERR479132	Healthy
ERR011228	Healthy
SRR6474253	Healthy
ERR209179	Healthy
ERR479059	Healthy
ERR525941	Healthy
ERR719966	Healthy
ERR209212	Healthy
ERR321617	Healthy
ERR479110	Healthy
ERR481095	Healthy
ERR321413	Healthy
ERR720108	Healthy
ERR720130	Healthy
SRR5763449	Healthy
ERR209320	Healthy
ERR720028	Healthy
ERR720162	Healthy
ERR478962	Healthy
ERR719666	Healthy
SRR5813390	Healthy
ERR209667	Healthy
ERR478997	Healthy
ERR720146	Healthy
ERR525917	Healthy
SRR5813452	Healthy
ERR719701	Healthy
ERR321189	Healthy
SRR5813181	Healthy
ERR480530	Healthy
ERR719937	Healthy
ERR719768	Healthy
SRR5651451	Healthy
ERR526004	Healthy
ERR719055	Healthy
ERR321643	Healthy
ERR719376	Healthy
ERR720236	Healthy
SRR5813399	Healthy
SRR6474232	Healthy
ERR209454	Healthy
ERR719847	Healthy
SRR5813259	Healthy
ERR479405	Healthy
ERR321350	Healthy
SRR6474234	Healthy
ERR209842	Healthy
SRR3160438	Healthy
ERR719073	Healthy
ERR209742	Healthy
ERR719368	Healthy
SRR5813235	Healthy
ERR209852	Healthy
ERR720067	Healthy
ERR719089	Healthy
SRR5813407	Healthy
ERR720060	Healthy
ERR209779	Healthy
ERR720200	Healthy
ERR719833	Healthy
ERR719761	Healthy
SRR1929408	Healthy
ERR719784	Healthy
SRR5813408	Healthy
ERR479578	Healthy
ERR321143	Healthy
ERR719583	Healthy
SRR961722	Healthy
SRR961771	Healthy
ERR209339	Healthy
ERR719096	Healthy
ERR719624	Healthy
ERR209500	Healthy
ERR321346	Healthy
ERR719228	Healthy
ERR719490	Healthy
ERR720045	Healthy
ERR480889	Healthy
ERR480783	Healthy
ERR719899	Healthy
ERR209242	Healthy
ERR719299	Healthy
ERR525962	Healthy
ERR479322	Healthy
SRR961805	Healthy
ERR720216	Healthy
ERR720155	Healthy
SRR6474274	Healthy
ERR719871	Healthy
ERR525991	Healthy
ERR719436	Healthy
ERR719654	Healthy
ERR479119	Healthy
ERR720011	Healthy
ERR526033	Healthy
SRR1930143	Healthy
SRR5813241	Healthy
SRR5813368	Healthy
ERR719536	Healthy
ERR720181	Healthy
ERR720227	Healthy
ERR719421	Healthy
SRR2725849	Healthy
SRR961773	Healthy
ERR480462	Healthy
ERR525746	Healthy
ERR719627	Healthy
ERR719928	Healthy
ERR719221	Healthy
ERR525920	Healthy
ERR011214	Healthy
ERR719113	Healthy
ERR719020	Healthy
ERR526015	Healthy
ERR719151	Healthy
ERR719101	Healthy
ERR719757	Healthy
SRR5763459	Healthy
ERR209510	Healthy
ERR719396	Healthy
SRR1929563	Healthy
ERR719631	Healthy
SRR5813423	Healthy
ERR719289	Healthy
SRR961841	Healthy
ERR719765	Healthy
ERR719864	Healthy
SRR6474317	Healthy
ERR719998	Healthy
ERR480557	Healthy
ERR321636	Healthy
ERR726369	Healthy
ERR719409	Healthy
ERR479063	Healthy
ERR209689	Healthy
ERR209297	Healthy
SRR5813295	Healthy
SRR5091577	Healthy
ERR719049	Healthy
ERR480871	Healthy
ERR719774	Healthy
ERR480901	Healthy
ERR479580	Healthy
ERR209233	Healthy
ERR1809131	Healthy
SRR5983349	Healthy
SRR5983356	Healthy
ERR209195	Healthy
ERR209268	Healthy
ERR321417	Healthy
ERR321632	Healthy
ERR719295	Healthy
ERR719305	Healthy
SRR5651423	Healthy
ERR525847	Healthy
ERR719345	Healthy
ERR525762	Healthy
ERR505094	Healthy
ERR209485	Healthy
ERR478994	Healthy
ERR209177	Healthy
ERR525688	Healthy
ERR011188	Healthy
ERR321582	Healthy
ERR479050	Healthy
SRR5091600	Healthy
ERR011092	Healthy
ERR719999	Healthy
ERR480529	Healthy
ERR719402	Healthy
ERR719744	Healthy
ERR719244	Healthy
ERR719747	Healthy
ERR480769	Healthy
SRR5813471	Healthy
ERR719734	Healthy
ERR525832	Healthy
ERR480682	Healthy
ERR480483	Healthy
ERR719264	Healthy
ERR011261	Healthy
SRR5813445	Healthy
ERR526022	Healthy
ERR719672	Healthy
ERR720193	Healthy
ERR209652	Healthy
ERR479314	Healthy
SRR961743	Healthy
SRR5813356	Healthy
SRR5813394	Healthy
ERR525953	Healthy
ERR719464	Healthy
SRR5983348	Healthy
ERR480597	Healthy
SRR5650053	Healthy
SRR5813401	Healthy
SRR5091478	Healthy
SRR6474248	Healthy
ERR719720	Healthy
ERR479035	Healthy
SRR3313074	Healthy
ERR695601	Healthy
ERR525897	Healthy
ERR011160	Healthy
ERR011230	Healthy
SRR6474237	Healthy
ERR695612	Healthy
ERR525736	Healthy
ERR719373	Healthy
SRR6474206	Healthy
ERR209096	Healthy
ERR209666	Healthy
ERR719830	Healthy
SRR5763468	Healthy
SRR5091453	Healthy
SRR5651436	Healthy
ERR526038	Healthy
ERR209087	Healthy
SRR5813212	Healthy
ERR479048	Healthy
ERR209376	Healthy
ERR719903	Healthy
ERR719007	Healthy
ERR011277	Healthy
SRR5650026	Healthy
ERR719177	Healthy
ERR011333	Healthy
ERR1809148	Healthy
ERR209058	Healthy
ERR719494	Healthy
ERR719154	Healthy
SRR3313079	Healthy
SRR5813318	Healthy
ERR719038	Healthy
ERR480588	Healthy
ERR209250	Healthy
ERR525785	Healthy
ERR719523	Healthy
ERR719546	Healthy
ERR719883	Healthy
ERR719181	Healthy
ERR209787	Healthy
ERR209295	Healthy
ERR719614	Healthy
ERR719878	Healthy
ERR525979	Healthy
ERR479402	Healthy
ERR480706	Healthy
SRR5651432	Healthy
ERR719974	Healthy
ERR321591	Healthy
ERR480762	Healthy
ERR209155	Healthy
ERR209906	Healthy
ERR720212	Healthy
SRR5763461	Healthy
ERR720135	Healthy
SRR5091607	Healthy
ERR321370	Healthy
ERR719961	Healthy
ERR720219	Healthy
ERR478989	Healthy
ERR209217	Healthy
ERR321589	Healthy
ERR719149	Healthy
ERR479339	Healthy
SRR5813195	Healthy
ERR480459	Healthy
ERR525718	Healthy
ERR209904	Healthy
ERR479129	Healthy
ERR525881	Healthy
SRR5275431	Healthy
ERR321439	Healthy
ERR480808	Healthy
ERR719186	Healthy
ERR719386	Healthy
ERR210097	Healthy
ERR525994	Healthy
ERR480819	Healthy
ERR479152	Healthy
ERR719510	Healthy
ERR321654	Healthy
ERR321523	Healthy
ERR209523	Healthy
ERR209225	Healthy
ERR479413	Healthy
ERR479167	Healthy
ERR209201	Healthy
ERR719428	Healthy
ERR525803	Healthy
SRR5813325	Healthy
SRR2175767	Healthy
SRR5813414	Healthy
ERR526032	Healthy
ERR480510	Healthy
SRR5813457	Healthy
SRR5813373	Healthy
ERR481085	Healthy
ERR481079	Healthy
ERR719569	Healthy
ERR719821	Healthy
SRR5091498	Healthy
SRR961843	Healthy
ERR719533	Healthy
ERR209513	Healthy
ERR719898	Healthy
ERR209111	Healthy
ERR209200	Healthy
ERR719848	Healthy
SRR5091459	Healthy
ERR719804	Healthy
ERR720208	Healthy
ERR525876	Healthy
ERR720119	Healthy
ERR321302	Healthy
ERR1809128	Healthy
ERR209391	Healthy
ERR719818	Healthy
ERR525749	Healthy
ERR526046	Healthy
ERR720015	Healthy
SRR5650052	Healthy
ERR720013	Healthy
ERR719206	Healthy
ERR526026	Healthy
ERR479594	Healthy
ERR479313	Healthy
ERR525766	Healthy
ERR209118	Healthy
ERR719978	Healthy
ERR478965	Healthy
ERR321181	Healthy
ERR478990	Healthy
ERR209361	Healthy
ERR480493	Healthy
ERR011289	Healthy
SRR3313068	Healthy
SRR5903362	Healthy
ERR209100	Healthy
ERR209447	Healthy
ERR321246	Healthy
ERR525759	Healthy
ERR479203	Healthy
ERR719790	Healthy
ERR209499	Healthy
SRR5903353	Healthy
SRR6474257	Healthy
ERR719003	Healthy
ERR719316	Healthy
ERR209786	Healthy
ERR209333	Healthy
SRR053023	Healthy
ERR719737	Healthy
SRR961754	Healthy
ERR209209	Healthy
ERR719711	Healthy
ERR719197	Healthy
ERR479274	Healthy
ERR480890	Healthy
ERR719811	Healthy
ERR719743	Healthy
ERR719209	Healthy
SRR5651427	Healthy
ERR321613	Healthy
ERR526000	Healthy
ERR719141	Healthy
ERR209311	Healthy
ERR719812	Healthy
SRR6474243	Healthy
ERR719431	Healthy
SRR5813404	Healthy
SRR5763462	Healthy
ERR720189	Healthy
ERR719944	Healthy
SRR5813475	Healthy
ERR719180	Healthy
ERR209733	Healthy
ERR719843	Healthy
ERR719137	Healthy
ERR480542	Healthy
ERR719577	Healthy
ERR719125	Healthy
ERR525733	Healthy
ERR719785	Healthy
ERR209438	Healthy
ERR720114	Healthy
ERR321450	Healthy
ERR209091	Healthy
ERR525898	Healthy
ERR719929	Healthy
ERR719634	Healthy
ERR720002	Healthy
ERR719945	Healthy
ERR321147	Healthy
ERR525704	Healthy
ERR209489	Healthy
SRR5813367	Healthy
SRR5650030	Healthy
SRR5983274	Healthy
ERR209457	Healthy
ERR479015	Healthy
ERR209672	Healthy
SRR961833	Healthy
ERR719861	Healthy
SRR5813185	Healthy
SRR5983301	Healthy
SRR5813177	Healthy
SRR961747	Healthy
ERR209286	Healthy
ERR011224	Healthy
SRR5091562	Healthy
ERR720052	Healthy
SRR5651441	Healthy
ERR525988	Healthy
ERR480836	Healthy
SRR5275450	Healthy
SRR3313050	Healthy
ERR479005	Healthy
ERR209154	Healthy
ERR479394	Healthy
ERR479128	Healthy
ERR209348	Healthy
ERR209379	Healthy
ERR719556	Healthy
ERR321193	Healthy
SRR5651445	Healthy
ERR719692	Healthy
ERR209257	Healthy
SRR5813347	Healthy
SRR5813435	Healthy
ERR719487	Healthy
ERR209521	Healthy
ERR719033	Healthy
ERR011104	Healthy
ERR719047	Healthy
ERR719265	Healthy
SRR3313082	Healthy
ERR525913	Healthy
ERR011116	Healthy
ERR719718	Healthy
ERR479267	Healthy
ERR720142	Healthy
ERR720176	Healthy
ERR526014	Healthy
ERR525816	Healthy
ERR209265	Healthy
ERR321585	Healthy
ERR719064	Healthy
ERR209341	Healthy
ERR719930	Healthy
ERR209428	Healthy
ERR720134	Healthy
ERR525869	Healthy
ERR011245	Healthy
ERR719623	Healthy
ERR720240	Healthy
ERR525873	Healthy
ERR719571	Healthy
SRR5813420	Healthy
ERR719837	Healthy
ERR479589	Healthy
ERR209145	Healthy
ERR720220	Healthy
ERR480587	Healthy
ERR720032	Healthy
ERR321377	Healthy
ERR1809149	Healthy
ERR720042	Healthy
ERR719087	Healthy
ERR525708	Healthy
ERR526065	Healthy
ERR209084	Healthy
ERR719657	Healthy
ERR719308	Healthy
ERR719962	Healthy
ERR525788	Healthy
SRR5813256	Healthy
ERR719932	Healthy
ERR526008	Healthy
ERR719940	Healthy
SRR5813338	Healthy
ERR719723	Healthy
ERR525955	Healthy
ERR209694	Healthy
SRR5275405	Healthy
ERR720074	Healthy
ERR209660	Healthy
ERR209402	Healthy
ERR719610	Healthy
ERR525844	Healthy
ERR480895	Healthy
ERR209324	Healthy
ERR720153	Healthy
ERR525909	Healthy
ERR719372	Healthy
SRR6474316	Healthy
ERR719970	Healthy
SRR961733	Healthy
ERR525990	Healthy
ERR719110	Healthy
SRR5813219	Healthy
ERR1809134	Healthy
ERR719201	Healthy
ERR525936	Healthy
ERR525848	Healthy
ERR525928	Healthy
ERR480656	Healthy
ERR478972	Healthy
SRR5813388	Healthy
ERR525841	Healthy
SRR6474285	Healthy
SRR5983267	Healthy
ERR011152	Healthy
ERR720120	Healthy
ERR719834	Healthy
SRR5813314	Healthy
ERR719778	Healthy
ERR209423	Healthy
ERR011110	Healthy
ERR209431	Healthy
ERR719440	Healthy
ERR480818	Healthy
ERR1398248	Healthy
ERR718998	Healthy
ERR719537	Healthy
SRR5813223	Healthy
ERR480604	Healthy
ERR209511	Healthy
ERR719304	Healthy
ERR480487	Healthy
ERR479376	Healthy
ERR525997	Healthy
ERR505090	Healthy
ERR719682	Healthy
ERR719993	Healthy
SRR6474207	Healthy
SRR5813364	Healthy
SRR5813232	Healthy
SRR5763479	Healthy
SRR5813419	Healthy
ERR719268	Healthy
SRR5763455	Healthy
SRR5813245	Healthy
ERR479036	Healthy
ERR719473	Healthy
ERR480867	Healthy
ERR720104	Healthy
SRR5813440	Healthy
ERR719291	Healthy
ERR479576	Healthy
ERR481075	Healthy
ERR011184	Healthy
ERR720073	Healthy
SRR5813246	Healthy
ERR209480	Healthy
ERR209280	Healthy
ERR719499	Healthy
SRR5903370	Healthy
ERR719641	Healthy
ERR719887	Healthy
ERR480792	Healthy
SRR5091575	Healthy
SRR5813199	Healthy
SRR5813239	Healthy
ERR719076	Healthy
ERR526005	Healthy
ERR525976	Healthy
SRR961814	Healthy
ERR526052	Healthy
ERR719092	Healthy
ERR479159	Healthy
ERR321349	Healthy
SRR6466627	Healthy
ERR209491	Healthy
ERR718991	Healthy
ERR480598	Healthy
ERR719074	Healthy
ERR525985	Healthy
ERR209165	Healthy
ERR481072	Healthy
ERR209238	Healthy
ERR719390	Healthy
ERR011089	Healthy
ERR719061	Healthy
ERR209892	Healthy
ERR209369	Healthy
ERR719902	Healthy
ERR719502	Healthy
ERR525948	Healthy
ERR479571	Healthy
ERR719252	Healthy
ERR719051	Healthy
ERR011218	Healthy
ERR209388	Healthy
SRR5091565	Healthy
SRR6474226	Healthy
ERR719907	Healthy
SRR5813220	Healthy
ERR011131	Healthy
ERR719010	Healthy
SRR5983352	Healthy
ERR719017	Healthy
ERR720215	Healthy
ERR480455	Healthy
ERR719604	Healthy
SRR5763481	Healthy
SRR6474222	Healthy
ERR011350	Healthy
SRR5091483	Healthy
SRR5813261	Healthy
ERR321575	Healthy
ERR209173	Healthy
ERR209359	Healthy
SRR961823	Healthy
SRR5763474	Healthy
ERR719708	Healthy
ERR720204	Healthy
ERR719586	Healthy
ERR726368	Healthy
ERR526036	Healthy
ERR479102	Healthy
SRR5813182	Healthy
ERR480624	Healthy
ERR719909	Healthy
ERR525911	Healthy
ERR719159	Healthy
SRR5651461	Healthy
SRR5813397	Healthy
ERR209305	Healthy
ERR719354	Healthy
ERR720007	Healthy
ERR719985	Healthy
ERR209061	Healthy
ERR526087	Healthy
ERR719406	Healthy
ERR720232	Healthy
ERR695615	Healthy
ERR719922	Healthy
ERR480498	Healthy
ERR480666	Healthy
ERR719364	Healthy
SRR5813250	Healthy
ERR719393	Healthy
SRR5813352	Healthy
SRR6474229	Healthy
ERR209254	Healthy
ERR719190	Healthy
ERR480647	Healthy
ERR481091	Healthy
ERR209463	Healthy
SRR1927149	Healthy
SRR5813289	Healthy
ERR480466	Healthy
ERR719874	Healthy
ERR720224	Healthy
ERR479157	Healthy
ERR719133	Healthy
ERR719752	Healthy
ERR011285	Healthy
ERR526071	Healthy
ERR480899	Healthy
ERR719243	Healthy
ERR525806	Healthy
ERR209353	Healthy
ERR525753	Healthy
ERR719311	Healthy
SRR6474278	Healthy
ERR209440	Healthy
ERR719178	Healthy
ERR719217	Healthy
ERR209178	Healthy
ERR719795	Healthy
SRR5091557	Healthy
ERR719455	Healthy
ERR719274	Healthy
ERR719597	Healthy
ERR1809144	Healthy
ERR719525	Healthy
ERR720139	Healthy
SRR6474309	Healthy
ERR479325	Healthy
ERR011330	Healthy
ERR525742	Healthy
ERR011236	Healthy
ERR209213	Healthy
SRR5813379	Healthy
SRR6474250	Healthy
ERR505102	Healthy
ERR209703	Healthy
ERR209526	Healthy
SRR5091555	Healthy
ERR720021	Healthy
ERR505099	Healthy
ERR479323	Healthy
ERR719730	Healthy
SRR5650049	Healthy
ERR209426	Healthy
ERR525853	Healthy
ERR719323	Healthy
ERR479020	Healthy
SRR5813331	Healthy
ERR321565	Healthy
ERR479183	Healthy
ERR719958	Healthy
ERR719880	Healthy
SRR5813464	Healthy
ERR719371	Healthy
ERR479160	Healthy
ERR209470	Healthy
ERR719425	Healthy
SRR053013	Healthy
SRR6474264	Healthy
ERR209712	Healthy
ERR720140	Healthy
ERR719868	Healthy
SRR5091587	Healthy
ERR480595	Healthy
ERR720065	Healthy
SRR3313075	Healthy
SRR5650022	Healthy
ERR719650	Healthy
ERR480692	Healthy
ERR209372	Healthy
SRR5813206	Healthy
ERR719121	Healthy
ERR209298	Healthy
ERR719083	Healthy
ERR209649	Healthy
ERR719507	Healthy
SRR5763465	Healthy
ERR719286	Healthy
ERR011253	Healthy
ERR695605	Healthy
SRR5813273	Healthy
ERR209659	Healthy
ERR209199	Healthy
ERR526080	Healthy
SRR5983363	Healthy
ERR525836	Healthy
ERR209291	Healthy
ERR719468	Healthy
SRR5813216	Healthy
ERR321550	Healthy
ERR011274	Healthy
ERR526056	Healthy
SRR5813320	Healthy
ERR209812	Healthy
ERR209721	Healthy
SRR5431255	Healthy
SRR6474217	Healthy
ERR011128	Healthy
SRR5763480	Healthy
ERR719740	Healthy
SRR5275398	Healthy
ERR719591	Healthy
ERR209509	Healthy
ERR719238	Healthy
ERR209180	Healthy
SRR3160442	Healthy
ERR719321	Healthy
ERR478991	Healthy
ERR321091	Healthy
SRR6474268	Healthy
ERR480820	Healthy
ERR719117	Healthy
ERR720159	Healthy
ERR321078	Healthy
ERR209819	Healthy
ERR720196	Healthy
ERR525885	Healthy
ERR525899	Healthy
ERR719529	Healthy
ERR719540	Healthy
ERR525722	Healthy
SRR5813385	Healthy
ERR1809154	Healthy
ERR719465	Healthy
SRR961809	Healthy
ERR719560	Healthy
ERR480625	Healthy
SRR5813449	Healthy
ERR505086	Healthy
SRR5091553	Healthy
SRR6474260	Healthy
ERR719023	Healthy
ERR525838	Healthy
ERR1809121	Healthy
ERR209262	Healthy
ERR209668	Healthy
ERR719539	Healthy
ERR525983	Healthy
ERR719435	Healthy
ERR525858	Healthy
ERR478973	Healthy
SRR5813387	Healthy
ERR209820	Healthy
ERR526070	Healthy
ERR209826	Healthy
ERR209810	Healthy
ERR719941	Healthy
SRR5903334	Healthy
ERR719983	Healthy
ERR525790	Healthy
ERR719588	Healthy
ERR479051	Healthy
ERR719751	Healthy
ERR011335	Healthy
ERR209741	Healthy
SRR5813391	Healthy
SRR5903358	Healthy
ERR720005	Healthy
SRR6474310	Healthy
ERR719183	Healthy
SRR5813470	Healthy
SRR5091612	Healthy
ERR720029	Healthy
ERR209395	Healthy
SRR5651463	Healthy
ERR209435	Healthy
SRR5091473	Healthy
ERR479091	Healthy
SRR5275415	Healthy
ERR011094	Healthy
ERR720225	Healthy
SRR5763458	Healthy
SRR961748	Healthy
ERR011142	Healthy
ERR209071	Healthy
ERR720049	Healthy
ERR479294	Healthy
ERR719630	Healthy
SRR5813339	Healthy
ERR719114	Healthy
ERR526043	Healthy
ERR011328	Healthy
ERR209247	Healthy
ERR209410	Healthy
ERR525968	Healthy
ERR011140	Healthy
ERR321535	Healthy
SRR961690	Healthy
ERR525980	Healthy
ERR011109	Healthy
ERR209351	Healthy
ERR011168	Healthy
ERR479049	Healthy
ERR526068	Healthy
ERR209124	Healthy
ERR209843	Healthy
ERR209308	Healthy
ERR479017	Healthy
ERR719377	Healthy
ERR719413	Healthy
ERR720163	Healthy
ERR719411	Healthy
ERR525944	Healthy
ERR719351	Healthy
ERR525771	Healthy
ERR480815	Healthy
ERR321235	Healthy
SRR1930176	Healthy
ERR719173	Healthy
ERR480546	Healthy
ERR719471	Healthy
ERR209258	Healthy
SRR5983435	Healthy
ERR209453	Healthy
SRR5813307	Healthy
ERR209224	Healthy
ERR209455	Healthy
ERR719688	Healthy
ERR209467	Healthy
ERR321553	Healthy
ERR479582	Healthy
ERR321170	Healthy
SRR961762	Healthy
ERR321351	Healthy
ERR479133	Healthy
ERR525884	Healthy
ERR525802	Healthy
ERR480485	Healthy
ERR479019	Healthy
ERR720237	Healthy
ERR525845	Healthy
ERR1398144	Healthy
ERR720121	Healthy
ERR321440	Healthy
ERR479342	Healthy
ERR011348	Healthy
ERR011252	Healthy
ERR720107	Healthy
ERR321253	Healthy
ERR209252	Healthy
ERR719975	Healthy
ERR480791	Healthy
ERR719380	Healthy
ERR719249	Healthy
ERR525813	Healthy
ERR719918	Healthy
SRR6474307	Healthy
ERR209301	Healthy
ERR525872	Healthy
SRR5903349	Healthy
ERR719090	Healthy
ERR321414	Healthy
ERR719702	Healthy
ERR719838	Healthy
ERR719031	Healthy
ERR1809140	Healthy
SRR5983402	Healthy
ERR525918	Healthy
ERR525893	Healthy
ERR720131	Healthy
ERR719144	Healthy
ERR719936	Healthy
ERR720147	Healthy
ERR481094	Healthy
ERR321419	Healthy
SRR5813453	Healthy
SRR6474235	Healthy
SRR6474282	Healthy
ERR525702	Healthy
ERR719912	Healthy
ERR526018	Healthy
ERR719457	Healthy
ERR720055	Healthy
ERR480653	Healthy
ERR719237	Healthy
SRR6474267	Healthy
ERR479397	Healthy
ERR525851	Healthy
ERR480475	Healthy
SRR5983476	Healthy
ERR480771	Healthy
SRR5275423	Healthy
ERR719224	Healthy
ERR479602	Healthy
ERR209345	Healthy
ERR1809135	Healthy
ERR209469	Healthy
ERR719826	Healthy
ERR719793	Healthy
ERR719469	Healthy
ERR719235	Healthy
SRR6474304	Healthy
ERR719043	Healthy
ERR209524	Healthy
ERR720037	Healthy
ERR209430	Healthy
ERR479120	Healthy
ERR719653	Healthy
ERR479000	Healthy
ERR479206	Healthy
ERR719824	Healthy
SRR5091531	Healthy
SRR961848	Healthy
ERR525987	Healthy
ERR011203	Healthy
ERR719547	Healthy
ERR526078	Healthy
ERR479172	Healthy
SRR3496377	Healthy
ERR526054	Healthy
ERR719866	Healthy
SRR5813458	Healthy
ERR525768	Healthy
SRR5813344	Healthy
SRR5947831	Healthy
SRR5813291	Healthy
ERR719637	Healthy
ERR479210	Healthy
ERR719330	Healthy
ERR321249	Healthy
SRR5947850	Healthy
ERR209166	Healthy
ERR719562	Healthy
SRR6474239	Healthy
ERR479321	Healthy
ERR720118	Healthy
ERR479380	Healthy
ERR525829	Healthy
ERR209475	Healthy
ERR209642	Healthy
ERR480761	Healthy
ERR011314	Healthy
ERR480556	Healthy
ERR719893	Healthy
ERR719044	Healthy
ERR209326	Healthy
ERR719564	Healthy
ERR719593	Healthy
ERR209196	Healthy
SRR5813468	Healthy
ERR525721	Healthy
SRR5813213	Healthy
ERR209183	Healthy
ERR719738	Healthy
ERR719809	Healthy
ERR720018	Healthy
ERR719603	Healthy
SRR1930128	Healthy
ERR209504	Healthy
SRR1930253	Healthy
SRR6474277	Healthy
SRR6474241	Healthy
ERR525777	Healthy
ERR209132	Healthy
ERR011192	Healthy
ERR480467	Healthy
ERR719802	Healthy
ERR209347	Healthy
ERR719617	Healthy
ERR719328	Healthy
ERR209269	Healthy
ERR719550	Healthy
ERR011158	Healthy
ERR719449	Healthy
ERR719831	Healthy
SRR5813425	Healthy
ERR719107	Healthy
ERR011201	Healthy
ERR719332	Healthy
SRR5275401	Healthy
ERR478964	Healthy
ERR480756	Healthy
ERR719816	Healthy
SRR6474219	Healthy
ERR695611	Healthy
ERR719858	Healthy
ERR719163	Healthy
ERR525903	Healthy
ERR321607	Healthy
ERR719548	Healthy
ERR719852	Healthy
SRR5091475	Healthy
ERR209484	Healthy
ERR719840	Healthy
ERR720205	Healthy
SRR6474256	Healthy
SRR6474294	Healthy
ERR719081	Healthy
ERR526048	Healthy
ERR525822	Healthy
ERR481080	Healthy
ERR719166	Healthy
ERR321562	Healthy
SRR5813222	Healthy
ERR719991	Healthy
ERR695610	Healthy
ERR526011	Healthy
ERR479266	Healthy
ERR719851	Healthy
ERR525924	Healthy
ERR209358	Healthy
ERR209313	Healthy
SRR5651419	Healthy
ERR011260	Healthy
ERR719008	Healthy
ERR479288	Healthy
ERR720174	Healthy
ERR480768	Healthy
ERR719669	Healthy
ERR525940	Healthy
ERR209522	Healthy
ERR719645	Healthy
SRR053011	Healthy
ERR526023	Healthy
ERR719307	Healthy
ERR719369	Healthy
ERR719401	Healthy
ERR719756	Healthy
SRR5813174	Healthy
ERR2182603	Healthy
ERR719770	Healthy
ERR719429	Healthy
SRR5650045	Healthy
ERR695602	Healthy
ERR718989	Healthy
SRR6474212	Healthy
SRR5763478	Healthy
ERR719039	Healthy
SRR5813361	Healthy
SRR5813406	Healthy
SRR053020	Healthy
SRR5813357	Healthy
ERR011231	Healthy
SRR5983376	Healthy
ERR719193	Healthy
SRR1931178	Healthy
ERR479406	Healthy
ERR525786	Healthy
ERR719875	Healthy
ERR720213	Healthy
ERR209377	Healthy
ERR719374	Healthy
SRR5275447	Healthy
SRR5813209	Healthy
ERR209218	Healthy
ERR719086	Healthy
SRR5813371	Healthy
ERR209663	Healthy
ERR209844	Healthy
ERR525833	Healthy
ERR719673	Healthy
ERR525896	Healthy
ERR209905	Healthy
SRR5813175	Healthy
SRR5813400	Healthy
SRR5813429	Healthy
SRR5813375	Healthy
SRR5763446	Healthy
SRR5813444	Healthy
ERR719990	Healthy
ERR011291	Healthy
SRR3313059	Healthy
SRR5813285	Healthy
SRR6474313	Healthy
SRR3160439	Healthy
ERR525745	Healthy
ERR209294	Healthy
SRR5091514	Healthy
ERR719119	Healthy
ERR209288	Healthy
ERR011309	Healthy
ERR719511	Healthy
ERR719594	Healthy
ERR719745	Healthy
ERR480575	Healthy
SRR5650027	Healthy
ERR719927	Healthy
ERR720228	Healthy
ERR209078	Healthy
ERR720010	Healthy
ERR480538	Healthy
ERR720152	Healthy
ERR719846	Healthy
ERR719095	Healthy
ERR719767	Healthy
ERR720136	Healthy
SRR6474245	Healthy
ERR479044	Healthy
ERR719182	Healthy
ERR719157	Healthy
ERR480646	Healthy
ERR480491	Healthy
ERR525751	Healthy
ERR011232	Healthy
ERR720126	Healthy
ERR321452	Healthy
SRR5091542	Healthy
ERR480809	Healthy
ERR209202	Healthy
ERR321161	Healthy
ERR209407	Healthy
SRR5651435	Healthy
ERR720185	Healthy
ERR525938	Healthy
SRR5275412	Healthy
ERR209896	Healthy
ERR719387	Healthy
SRR5813412	Healthy
ERR719884	Healthy
SRR5275454	Healthy
SRR5983276	Healthy
ERR478986	Healthy
SRR5651431	Healthy
SRR5763460	Healthy
ERR209086	Healthy
ERR209518	Healthy
ERR480456	Healthy
ERR479371	Healthy
ERR719215	Healthy
ERR719103	Healthy
ERR209364	Healthy
ERR209686	Healthy
SRR5091490	Healthy
ERR209110	Healthy
ERR526066	Healthy
ERR209851	Healthy
SRR961804	Healthy
ERR719088	Healthy
ERR719353	Healthy
ERR210146	Healthy
ERR720217	Healthy
ERR719709	Healthy
ERR720044	Healthy
ERR719298	Healthy
ERR209319	Healthy
SRR961772	Healthy
ERR479378	Healthy
ERR525799	Healthy
SRR5813192	Healthy
ERR480519	Healthy
ERR719919	Healthy
ERR719027	Healthy
ERR719404	Healthy
SRR961782	Healthy
ERR719988	Healthy
ERR525719	Healthy
ERR719394	Healthy
ERR011197	Healthy
SRR5091578	Healthy
ERR719582	Healthy
ERR720154	Healthy
SRR5651424	Healthy
ERR719227	Healthy
ERR478961	Healthy
SRR5813297	Healthy
ERR209384	Healthy
ERR719450	Healthy
SRR5813319	Healthy
SRR3313080	Healthy
ERR526084	Healthy
ERR525793	Healthy
ERR321594	Healthy
ERR209338	Healthy
ERR525908	Healthy
ERR719422	Healthy
ERR719760	Healthy
ERR480591	Healthy
ERR480543	Healthy
ERR719625	Healthy
ERR525963	Healthy
ERR719319	Healthy
ERR480532	Healthy
ERR720102	Healthy
ERR479118	Healthy
ERR719327	Healthy
ERR720230	Healthy
ERR321637	Healthy
ERR480589	Healthy
ERR209420	Healthy
SRR5813266	Healthy
ERR1809141	Healthy
ERR479269	Healthy
ERR719872	Healthy
ERR480888	Healthy
ERR525992	Healthy
ERR480872	Healthy
SRR5813437	Healthy
SRR961784	Healthy
ERR719292	Healthy
ERR719863	Healthy
ERR209726	Healthy
ERR719014	Healthy
ERR480614	Healthy
ERR011279	Healthy
ERR719484	Healthy
ERR209417	Healthy
ERR321418	Healthy
ERR719432	Healthy
ERR479062	Healthy
ERR719097	Healthy
ERR719662	Healthy
ERR209443	Healthy
SRR5091477	Healthy
ERR209234	Healthy
SRR5813303	Healthy
ERR480630	Healthy
ERR525931	Healthy
ERR525861	Healthy
ERR719397	Healthy
ERR505095	Healthy
ERR719339	Healthy
ERR719342	Healthy
SRR5813238	Healthy
ERR526035	Healthy
ERR209494	Healthy
ERR011123	Healthy
ERR719493	Healthy
ERR1809132	Healthy
ERR011217	Healthy
ERR321592	Healthy
ERR719735	Healthy
SRR5813463	Healthy
ERR209456	Healthy
ERR526016	Healthy
ERR479370	Healthy
ERR525726	Healthy
SRR5903373	Healthy
ERR479099	Healthy
ERR209176	Healthy
ERR719251	Healthy
ERR525815	Healthy
ERR525914	Healthy
ERR479033	Healthy
ERR480559	Healthy
ERR719782	Healthy
SRR5813335	Healthy
ERR719026	Healthy
ERR719995	Healthy
ERR525794	Healthy
ERR526028	Healthy
ERR321646	Healthy
SRR5813201	Healthy
ERR479586	Healthy
ERR720143	Healthy
ERR719509	Healthy
ERR719488	Healthy
ERR719693	Healthy
ERR719158	Healthy
ERR480603	Healthy
SRR3313102	Healthy
ERR719570	Healthy
ERR719835	Healthy
ERR720229	Healthy
ERR209266	Healthy
ERR720125	Healthy
ERR209323	Healthy
ERR011334	Healthy
ERR719417	Healthy
ERR719102	Healthy
SRR961803	Healthy
ERR209329	Healthy
SRR5813272	Healthy
SRR6474211	Healthy
ERR719232	Healthy
ERR720022	Healthy
ERR209734	Healthy
ERR479014	Healthy
ERR719705	Healthy
ERR209414	Healthy
ERR525875	Healthy
SRR5651457	Healthy
ERR719032	Healthy
ERR525739	Healthy
ERR209385	Healthy
SRR961785	Healthy
ERR525709	Healthy
ERR719165	Healthy
ERR209059	Healthy
ERR209235	Healthy
ERR209432	Healthy
ERR209439	Healthy
ERR720199	Healthy
ERR720033	Healthy
ERR525954	Healthy
ERR209144	Healthy
ERR525854	Healthy
ERR209083	Healthy
ERR479134	Healthy
SRR5813324	Healthy
SRR6474286	Healthy
ERR011153	Healthy
ERR719613	Healthy
ERR720103	Healthy
ERR525689	Healthy
ERR719526	Healthy
ERR321586	Healthy
ERR209399	Healthy
ERR719698	Healthy
ERR209403	Healthy
ERR209290	Healthy
SRR5813432	Healthy
ERR209210	Healthy
ERR011256	Healthy
SRR5651446	Healthy
ERR525935	Healthy
ERR719336	Healthy
ERR209168	Healthy
ERR719250	Healthy
ERR011251	Healthy
SRR5947872	Healthy
ERR011117	Healthy
ERR719258	Healthy
ERR209831	Healthy
ERR719779	Healthy
ERR480489	Healthy
ERR209495	Healthy
ERR209512	Healthy
ERR1809150	Healthy
ERR719931	Healthy
ERR525932	Healthy
ERR011164	Healthy
ERR719576	Healthy
SRR961698	Healthy
ERR526074	Healthy
ERR719065	Healthy
ERR481084	Healthy
ERR719208	Healthy
ERR209057	Healthy
ERR209903	Healthy
ERR479414	Healthy
ERR719805	Healthy
SRR5813226	Healthy
ERR209360	Healthy
ERR719579	Healthy
ERR719676	Healthy
ERR719813	Healthy
SRR5091576	Healthy
ERR480474	Healthy
ERR719741	Healthy
ERR525826	Healthy
ERR719287	Healthy
SRR5903354	Healthy
SRR5813415	Healthy
ERR481078	Healthy
ERR719568	Healthy
SRR6474240	Healthy
ERR011339	Healthy
ERR505100	Healthy
ERR480782	Healthy
SRR6474218	Healthy
ERR480837	Healthy
ERR720014	Healthy
ERR209471	Healthy
ERR719616	Healthy
ERR719218	Healthy
ERR209814	Healthy
ERR321135	Healthy
ERR209390	Healthy
ERR719147	Healthy
SRR6474244	Healthy
ERR479273	Healthy
SRR5813240	Healthy
ERR525758	Healthy
ERR011299	Healthy
ERR719009	Healthy
ERR209332	Healthy
ERR719755	Healthy
ERR525984	Healthy
ERR209446	Healthy
ERR719196	Healthy
SRR961763	Healthy
ERR480702	Healthy
ERR209498	Healthy
ERR479399	Healthy
SRR5813196	Healthy
ERR719791	Healthy
ERR719820	Healthy
ERR321175	Healthy
ERR719142	Healthy
SRR5091469	Healthy
SRR5947820	Healthy
ERR209664	Healthy
SRR5813231	Healthy
ERR719967	Healthy
SRR3313113	Healthy
SRR5813421	Healthy
SRR5903374	Healthy
ERR719426	Healthy
ERR209153	Healthy
ERR210094	Healthy
ERR720099	Healthy
ERR479581	Healthy
SRR5813372	Healthy
ERR719819	Healthy
ERR719532	Healthy
ERR719649	Healthy
ERR209251	Healthy
ERR209488	Healthy
ERR719842	Healthy
ERR011206	Healthy
SRR5813260	Healthy
ERR209272	Healthy
ERR209682	Healthy
SRR5813210	Healthy
ERR209331	Healthy
ERR011170	Healthy
ERR209490	Healthy
ERR719952	Healthy
ERR719888	Healthy
ERR479021	Healthy
SRR5763482	Healthy
ERR719979	Healthy
ERR525705	Healthy
ERR209514	Healthy
ERR321201	Healthy
SRR5813474	Healthy
SRR5813186	Healthy
ERR719222	Healthy
ERR719860	Healthy
ERR719126	Healthy
ERR719384	Healthy
SRR5983473	Healthy
ERR480539	Healthy
ERR720113	Healthy
ERR011196	Healthy
ERR480540	Healthy
ERR209108	Healthy
ERR209229	Healthy
ERR720184	Healthy
ERR479045	Healthy
ERR480681	Healthy
ERR209206	Healthy
ERR719957	Healthy
SRR961751	Healthy
ERR719275	Healthy
ERR209069	Healthy
ERR505096	Healthy
ERR209162	Healthy
ERR480457	Healthy
SRR5651428	Healthy
ERR719340	Healthy
ERR479004	Healthy
ERR209302	Healthy
SRR1930248	Healthy
ERR209897	Healthy
SRR5091487	Healthy
ERR719138	Healthy
ERR209187	Healthy
ERR720188	Healthy
ERR525960	Healthy
ERR720051	Healthy
ERR209340	Healthy
SRR6474308	Healthy
ERR209527	Healthy
SRR5813332	Healthy
ERR479326	Healthy
ERR719446	Healthy
ERR525741	Healthy
SRR5651466	Healthy
ERR479403	Healthy
SRR5275478	Healthy
SRR5903363	Healthy
ERR209727	Healthy
SRR2673280	Healthy
SRR6474281	Healthy
ERR480592	Healthy
SRR961758	Healthy
ERR720192	Healthy
SRR5813269	Healthy
ERR526081	Healthy
SRR6474272	Healthy
ERR720148	Healthy
SRR1930177	Healthy
SRR6474249	Healthy
ERR480665	Healthy
ERR209898	Healthy
ERR525752	Healthy
ERR525798	Healthy
SRR5813178	Healthy
SRR5091588	Healthy
ERR719070	Healthy
ERR719731	Healthy
SRR1930244	Healthy
SRR5813348	Healthy
ERR011237	Healthy
ERR209427	Healthy
ERR011295	Healthy
ERR479001	Healthy
SRR5813179	Healthy
ERR480875	Healthy
SRR2725848	Healthy
SRR5275440	Healthy
ERR719946	Healthy
SRR5813262	Healthy
ERR719310	Healthy
SRR5763464	Healthy
ERR719278	Healthy
ERR505085	Healthy
SRR6474215	Healthy
ERR525761	Healthy
ERR209352	Healthy
ERR719456	Healthy
ERR209902	Healthy
SRR3313039	Healthy
ERR480766	Healthy
SRR5651442	Healthy
ERR719621	Healthy
ERR719889	Healthy
ERR209643	Healthy
SRR5650023	Healthy
SRR5813286	Healthy
SRR1930136	Healthy
ERR525699	Healthy
ERR719414	Healthy
ERR718993	Healthy
ERR209263	Healthy
ERR321090	Healthy
SRR5813315	Healthy
SRR1930140	Healthy
SRR3160441	Healthy
SRR5091535	Healthy
ERR321079	Healthy
ERR525950	Healthy
ERR719320	Healthy
ERR719748	Healthy
ERR526079	Healthy
ERR209214	Healthy
ERR719322	Healthy
ERR720221	Healthy
ERR719122	Healthy
ERR719466	Healthy
ERR719127	Healthy
ERR525929	Healthy
ERR209702	Healthy
ERR719506	Healthy
SRR5813217	Healthy
ERR480896	Healthy
ERR720064	Healthy
ERR480560	Healthy
ERR719476	Healthy
SRR2175766	Healthy
ERR719240	Healthy
ERR719082	Healthy
ERR719716	Healthy
ERR719559	Healthy
SRR5091530	Healthy
ERR480631	Healthy
ERR209128	Healthy
SRR5813448	Healthy
ERR719541	Healthy
ERR719283	Healthy
ERR209722	Healthy
ERR526055	Healthy
ERR1809119	Healthy
ERR719892	Healthy
ERR011275	Healthy
ERR719004	Healthy
ERR479041	Healthy
SRR5275404	Healthy
ERR011247	Healthy
ERR321532	Healthy
SRR5983359	Healthy
ERR209503	Healthy
ERR525775	Healthy
SRR3313078	Healthy
ERR719118	Healthy
ERR719915	Healthy
ERR209248	Healthy
ERR1809153	Healthy
SRR6474263	Healthy
ERR719349	Healthy
ERR209460	Healthy
SRR961769	Healthy
ERR719075	Healthy
ERR480547	Healthy
ERR479407	Healthy
ERR719269	Healthy
SRR5947845	Healthy
ERR479377	Healthy
ERR719642	Healthy
ERR480866	Healthy
ERR479592	Healthy
ERR719908	Healthy
ERR1809125	Healthy
ERR209855	Healthy
ERR719391	Healthy
ERR719246	Healthy
SRR5813418	Healthy
ERR719077	Healthy
ERR719498	Healthy
SRR961808	Healthy
ERR719984	Healthy
ERR480705	Healthy
ERR479196	Healthy
ERR209380	Healthy
ERR719679	Healthy
ERR481090	Healthy
ERR526006	Healthy
ERR480515	Healthy
ERR481087	Healthy
ERR011175	Healthy
ERR505091	Healthy
ERR209811	Healthy
ERR719683	Healthy
SRR5813467	Healthy
ERR720209	Healthy
ERR526027	Healthy
ERR525715	Healthy
ERR720006	Healthy
ERR209389	Healthy
ERR209309	Healthy
SRR5091599	Healthy
ERR525748	Healthy
ERR480488	Healthy
ERR209228	Healthy
ERR719503	Healthy
ERR525692	Healthy
ERR719994	Healthy
SRR5813253	Healthy
ERR321438	Healthy
ERR209191	Healthy
ERR480576	Healthy
SRR5813292	Healthy
ERR718990	Healthy
ERR209368	Healthy
ERR719628	Healthy
SRR5651420	Healthy
ERR719665	Healthy
ERR720072	Healthy
SRR5763454	Healthy
ERR480629	Healthy
ERR719211	Healthy
ERR719460	Healthy
ERR525975	Healthy
ERR719897	Healthy
SRR5813183	Healthy
SRR961689	Healthy
ERR011180	Healthy
SRR6474225	Healthy
ERR209653	Healthy
ERR525947	Healthy
ERR719798	Healthy
ERR209062	Healthy
ERR321493	Healthy
ERR719563	Healthy
SRR5813454	Healthy
ERR505103	Healthy
ERR321577	Healthy
ERR719255	Healthy
ERR321155	Healthy
ERR479151	Healthy
ERR719516	Healthy
ERR209172	Healthy
ERR719408	Healthy
ERR209281	Healthy
ERR720001	Healthy
ERR719763	Healthy
ERR526051	Healthy
SRR5651462	Healthy
ERR525782	Healthy
ERR209373	Healthy
SRR5275477	Healthy
ERR209287	Healthy
ERR719921	Healthy
ERR481074	Healthy
SRR5813249	Healthy
ERR719297	Healthy
SRR5813306	Healthy
ERR719587	Healthy
SRR5763471	Healthy
ERR719134	Healthy
ERR719174	Healthy
ERR209188	Healthy
ERR719018	Healthy
ERR209823	Healthy
SRR5813251	Healthy
SRR5813202	Healthy
ERR479570	Healthy
ERR719366	Healthy
ERR720233	Healthy
SRR5651470	Healthy
ERR209241	Healthy
ERR321182	Healthy
ERR720175	Healthy
ERR479158	Healthy
SRR1930123	Healthy
SRR6474221	Healthy
ERR719405	Healthy
ERR525912	Healthy
ERR480648	Healthy
ERR719357	Healthy
ERR719365	Healthy
